gameCreation, gameDuration, championName, win, allInPings, baitPings, basicPings, commandPings, dangerPings, enemyMissingPings, enemyVisionPings, getBackPings, holdPings, needVisionPings, onMyWayPings, pushPings
02 - 07 - 2023, 00: 30: 32, Azir, true, 0, 0, 0, 17, 0, 2, 0, 0, 0, 0, 13, 0
02 - 07 - 2023, 00: 15: 44, Azir, true, 1, 0, 0, 1, 0, 8, 0, 0, 1, 0, 9, 0
02 - 07 - 2023, 00: 30: 19, Azir, true, 0, 0, 0, 9, 0, 5, 0, 0, 0, 0, 8, 0
02 - 07 - 2023, 00: 33: 12, Sion, false, 0, 0, 0, 6, 0, 0, 0, 0, 0, 0, 15, 0
02 - 07 - 2023, 00: 27: 05, Azir, false, 0, 0, 0, 0, 0, 3, 0, 0, 0, 0, 1, 0
02 - 07 - 2023, 00: 37: 48, Jax, true, 0, 0, 0, 3, 0, 0, 0, 0, 0, 0, 11, 0
01 - 07 - 2023, 00: 15: 48, Tristana, true, 0, 0, 0, 2, 0, 2, 0, 0, 0, 0, 2, 0
01 - 07 - 2023, 00: 22: 25, Azir, true, 0, 0, 0, 4, 0, 3, 0, 0, 0, 0, 6, 0
01 - 07 - 2023, 00: 24: 03, Azir, true, 0, 0, 0, 1, 0, 10, 0, 0, 0, 0, 8, 0
01 - 07 - 2023, 00: 35: 34, Azir, true, 0, 0, 0, 7, 0, 3, 0, 0, 0, 0, 29, 0
01 - 07 - 2023, 00: 31: 24, Tristana, true, 0, 0, 0, 13, 0, 3, 0, 0, 0, 0, 17, 0
01 - 07 - 2023, 00: 21: 38, Tristana, false, 0, 0, 0, 7, 0, 0, 0, 0, 0, 0, 10, 0
01 - 07 - 2023, 00: 38: 37, Tristana, true, 0, 0, 0, 9, 0, 7, 1, 0, 0, 0, 27, 0
01 - 07 - 2023, 00: 16: 57, Tristana, true, 0, 0, 0, 2, 0, 0, 1, 0, 0, 0, 4, 0
01 - 07 - 2023, 00: 25: 52, Tristana, true, 0, 0, 0, 5, 0, 2, 0, 0, 0, 0, 7, 0
01 - 07 - 2023, 00: 20: 10, Azir, true, 0, 0, 0, 2, 0, 1, 0, 0, 0, 0, 9, 0
01 - 07 - 2023, 00: 19: 09, Azir, true, 0, 0, 0, 5, 0, 11, 0, 0, 0, 0, 4, 0
01 - 07 - 2023, 00: 15: 35, Tristana, true, 0, 0, 0, 6, 0, 0, 0, 0, 0, 0, 3, 1
01 - 07 - 2023, 00: 34: 01, Sylas, true, 0, 0, 0, 19, 0, 2, 0, 0, 0, 0, 12, 0
30 - 06 - 2023, 00: 25: 04, Tristana, true, 0, 0, 0, 12, 0, 3, 0, 0, 0, 0, 1, 0
29 - 06 - 2023, 00: 19: 28, Tristana, true, 0, 1, 0, 1, 0, 6, 0, 0, 0, 0, 1, 0
29 - 06 - 2023, 00: 33: 55, Lissandra, false, 0, 0, 0, 8, 0, 5, 1, 0, 1, 0, 22, 0
27 - 06 - 2023, 00: 27: 22, Sion, true, 0, 0, 0, 5, 0, 0, 0, 0, 0, 0, 6, 0
27 - 06 - 2023, 00: 30: 03, Rumble, true, 0, 0, 0, 4, 0, 12, 0, 0, 0, 0, 6, 0
27 - 06 - 2023, 00: 13: 13, Rumble, true, 0, 0, 0, 1, 0, 1, 0, 0, 0, 0, 0, 0
27 - 06 - 2023, 00: 26: 41, Azir, false, 0, 0, 0, 7, 0, 13, 2, 0, 0, 0, 14, 0
27 - 06 - 2023, 00: 15: 40, Ezreal, false, 0, 0, 0, 3, 0, 0, 0, 0, 0, 0, 2, 0
26 - 06 - 2023, 00: 30: 30, Gnar, true, 0, 0, 0, 6, 0, 1, 0, 0, 0, 0, 6, 0
26 - 06 - 2023, 00: 27: 36, Leblanc, false, 0, 0, 0, 0, 0, 0, 0, 0, 0, 0, 10, 0
26 - 06 - 2023, 00: 35: 00, Neeko, true, 0, 0, 0, 10, 0, 1, 0, 0, 0, 0, 10, 0
25 - 06 - 2023, 00: 31: 25, Leblanc, true, 0, 0, 0, 6, 0, 1, 0, 0, 0, 0, 10, 0
25 - 06 - 2023, 00: 40: 51, Sion, false, 0, 0, 0, 12, 0, 6, 0, 0, 0, 0, 23, 0
25 - 06 - 2023, 00: 20: 40, Gwen, false, 0, 0, 0, 3, 0, 1, 0, 0, 0, 0, 0, 0
25 - 06 - 2023, 00: 27: 08, Kennen, true, 0, 0, 0, 0, 0, 3, 0, 0, 0, 0, 9, 0
25 - 06 - 2023, 00: 15: 16, Tristana, true, 0, 0, 0, 1, 0, 3, 0, 0, 0, 0, 2, 0
25 - 06 - 2023, 00: 30: 35, Qiyana, false, 0, 0, 0, 11, 0, 4, 0, 0, 0, 0, 21, 0
25 - 06 - 2023, 00: 30: 33, Ezreal, false, 0, 0, 0, 17, 0, 3, 0, 0, 0, 0, 14, 0
25 - 06 - 2023, 00: 28: 48, Neeko, true, 0, 0, 0, 3, 0, 0, 0, 0, 0, 0, 5, 0
24 - 06 - 2023, 00: 20: 45, Kindred, true, 0, 0, 0, 1, 0, 0, 0, 0, 0, 0, 10, 0
24 - 06 - 2023, 00: 15: 11, Neeko, false, 0, 0, 0, 0, 0, 0, 1, 0, 0, 0, 0, 0
24 - 06 - 2023, 00: 23: 55, Ornn, false, 0, 0, 0, 2, 0, 4, 0, 0, 0, 0, 9, 0
24 - 06 - 2023, 00: 35: 33, Rumble, true, 0, 0, 0, 11, 0, 1, 0, 0, 0, 1, 12, 0
24 - 06 - 2023, 00: 24: 44, Neeko, false, 1, 0, 0, 1, 0, 8, 0, 0, 0, 0, 1, 1
24 - 06 - 2023, 00: 28: 22, Jax, true, 0, 0, 0, 2, 0, 8, 0, 0, 0, 0, 7, 0
24 - 06 - 2023, 00: 23: 43, Ornn, true, 0, 0, 0, 1, 0, 4, 0, 0, 0, 0, 3, 0
24 - 06 - 2023, 00: 27: 43, Gnar, false, 0, 0, 0, 2, 0, 0, 0, 0, 0, 0, 4, 0
24 - 06 - 2023, 00: 29: 12, Gnar, true, 0, 1, 0, 15, 0, 2, 0, 0, 1, 0, 8, 0
24 - 06 - 2023, 00: 30: 41, Renekton, false, 1, 0, 0, 9, 0, 0, 0, 0, 0, 0, 8, 0
23 - 06 - 2023, 00: 12: 41, Ornn, false, 0, 0, 0, 1, 0, 13, 0, 0, 0, 0, 0, 0
23 - 06 - 2023, 00: 29: 32, TwistedFate, false, 0, 0, 0, 0, 0, 8, 0, 0, 0, 0, 4, 0
23 - 06 - 2023, 00: 31: 16, Leblanc, true, 0, 0, 0, 5, 0, 1, 0, 0, 0, 0, 10, 0
23 - 06 - 2023, 00: 27: 09, Neeko, false, 0, 0, 0, 5, 0, 0, 0, 0, 0, 0, 5, 0
23 - 06 - 2023, 00: 21: 23, Qiyana, false, 0, 0, 0, 1, 0, 0, 0, 0, 0, 0, 5, 0
22 - 06 - 2023, 00: 33: 59, Leblanc, false, 0, 0, 0, 8, 0, 0, 0, 0, 0, 0, 8, 1
22 - 06 - 2023, 00: 24: 45, Leblanc, true, 0, 0, 0, 0, 0, 7, 0, 0, 0, 0, 6, 0
21 - 06 - 2023, 00: 32: 00, Nautilus, false, 1, 0, 0, 12, 0, 0, 0, 0, 0, 1, 14, 0
21 - 06 - 2023, 00: 26: 22, Ornn, true, 0, 0, 0, 6, 0, 0, 0, 0, 0, 0, 14, 0
21 - 06 - 2023, 00: 24: 38, Leblanc, true, 0, 0, 0, 2, 0, 14, 0, 0, 0, 0, 4, 0
20 - 06 - 2023, 00: 15: 34, Leblanc, true, 0, 0, 0, 1, 0, 4, 0, 0, 1, 0, 1, 0
19 - 06 - 2023, 00: 39: 55, Leblanc, false, 0, 0, 0, 6, 0, 3, 1, 0, 0, 0, 8, 0
19 - 06 - 2023, 00: 32: 24, Leblanc, true, 0, 0, 0, 13, 0, 2, 0, 0, 0, 0, 44, 0
19 - 06 - 2023, 00: 20: 32, Azir, true, 0, 0, 0, 10, 0, 2, 0, 0, 0, 0, 3, 0
19 - 06 - 2023, 00: 26: 24, Neeko, true, 0, 0, 0, 7, 0, 0, 0, 0, 0, 0, 11, 0
18 - 06 - 2023, 00: 30: 39, Ornn, true, 1, 0, 0, 6, 0, 2, 0, 0, 0, 0, 24, 0
18 - 06 - 2023, 00: 30: 42, Akali, false, 0, 1, 0, 4, 0, 3, 0, 0, 0, 0, 10, 0
18 - 06 - 2023, 00: 23: 51, Gnar, false, 0, 0, 0, 1, 0, 1, 0, 0, 0, 0, 10, 0
18 - 06 - 2023, 00: 28: 15, Zeri, false, 0, 0, 0, 5, 0, 3, 0, 0, 0, 0, 0, 0
18 - 06 - 2023, 00: 30: 11, Renekton, false, 0, 0, 0, 7, 0, 5, 0, 0, 1, 0, 11, 0
18 - 06 - 2023, 00: 30: 43, Olaf, true, 0, 0, 0, 1, 0, 0, 0, 0, 0, 0, 8, 0
18 - 06 - 2023, 00: 24: 04, Renekton, true, 0, 0, 0, 0, 0, 0, 0, 0, 0, 0, 10, 1
18 - 06 - 2023, 00: 18: 44, Gnar, false, 0, 0, 0, 2, 0, 0, 0, 0, 0, 0, 2, 0
18 - 06 - 2023, 00: 33: 15, Gnar, true, 0, 0, 0, 4, 0, 1, 0, 0, 0, 0, 4, 0
17 - 06 - 2023, 00: 23: 17, Ahri, false, 0, 0, 0, 7, 0, 2, 0, 0, 0, 0, 4, 0
17 - 06 - 2023, 00: 23: 20, Aatrox, false, 0, 0, 0, 3, 0, 0, 0, 0, 0, 0, 9, 0
17 - 06 - 2023, 00: 20: 02, Gnar, true, 0, 0, 0, 2, 0, 0, 0, 0, 0, 0, 2, 0
17 - 06 - 2023, 00: 18: 09, Gnar, false, 0, 0, 0, 0, 0, 0, 0, 0, 0, 0, 2, 0
17 - 06 - 2023, 00: 28: 12, Twitch, false, 0, 0, 0, 2, 0, 0, 0, 0, 0, 0, 1, 0
17 - 06 - 2023, 00: 19: 40, Jayce, true, 0, 0, 0, 4, 0, 0, 0, 0, 0, 0, 6, 0
17 - 06 - 2023, 00: 29: 12, Yasuo, false, 0, 0, 0, 5, 0, 0, 0, 0, 0, 0, 8, 0
17 - 06 - 2023, 00: 27: 18, Neeko, true, 0, 0, 0, 8, 0, 0, 0, 0, 0, 0, 1, 0
17 - 06 - 2023, 00: 26: 10, Neeko, true, 1, 0, 0, 4, 0, 1, 0, 0, 0, 0, 0, 0
17 - 06 - 2023, 00: 24: 32, Neeko, true, 0, 0, 0, 4, 0, 0, 0, 0, 0, 0, 1, 0
16 - 06 - 2023, 00: 35: 11, Neeko, true, 0, 0, 0, 4, 0, 0, 0, 0, 0, 0, 6, 0
16 - 06 - 2023, 00: 29: 26, Gnar, false, 0, 0, 0, 3, 0, 2, 0, 0, 0, 0, 6, 0
16 - 06 - 2023, 00: 31: 31, Gnar, true, 0, 0, 0, 4, 0, 0, 0, 0, 0, 0, 13, 0
16 - 06 - 2023, 00: 35: 32, Leblanc, true, 0, 0, 0, 6, 0, 7, 0, 0, 0, 0, 2, 0
15 - 06 - 2023, 00: 31: 42, Rumble, false, 0, 0, 0, 6, 0, 8, 0, 0, 0, 0, 6, 0
15 - 06 - 2023, 00: 33: 23, Leblanc, false, 0, 0, 0, 6, 0, 9, 0, 0, 0, 0, 11, 0
15 - 06 - 2023, 00: 01: 43, Kindred, true, 0, 0, 0, 0, 0, 0, 0, 0, 0, 0, 1, 0
15 - 06 - 2023, 00: 25: 48, Jax, true, 0, 0, 0, 4, 0, 2, 0, 0, 0, 0, 5, 0
15 - 06 - 2023, 00: 23: 17, Gwen, true, 0, 0, 0, 7, 0, 2, 0, 0, 0, 0, 8, 0
14 - 06 - 2023, 00: 26: 54, Jayce, true, 0, 0, 0, 1, 0, 0, 0, 0, 0, 0, 8, 0
14 - 06 - 2023, 00: 25: 44, Rakan, false, 0, 0, 0, 10, 0, 1, 0, 0, 0, 0, 12, 1
14 - 06 - 2023, 00: 30: 42, Olaf, true, 0, 0, 0, 3, 0, 3, 0, 0, 0, 0, 6, 0
13 - 06 - 2023, 00: 15: 50, RekSai, false, 0, 0, 0, 2, 0, 1, 0, 0, 0, 0, 3, 0
13 - 06 - 2023, 00: 22: 48, RekSai, false, 0, 0, 0, 1, 0, 0, 0, 0, 0, 0, 4, 0
13 - 06 - 2023, 00: 31: 00, Gwen, true, 0, 0, 0, 4, 0, 4, 0, 0, 0, 0, 1, 0
13 - 06 - 2023, 00: 24: 07, Gwen, false, 0, 0, 0, 0, 0, 0, 0, 0, 0, 0, 5, 0
13 - 06 - 2023, 00: 31: 33, Malphite, true, 0, 0, 0, 1, 0, 0, 0, 0, 0, 0, 9, 0
12 - 06 - 2023, 00: 25: 03, Ornn, false, 0, 0, 0, 2, 0, 0, 3, 0, 0, 0, 7, 0
12 - 06 - 2023, 00: 36: 08, Gnar, true, 0, 0, 0, 2, 0, 5, 0, 0, 0, 0, 10, 0
12 - 06 - 2023, 00: 20: 23, Gnar, true, 0, 0, 0, 2, 0, 0, 0, 0, 0, 0, 1, 0
12 - 06 - 2023, 00: 15: 15, Jax, false, 0, 0, 0, 2, 0, 0, 0, 0, 0, 0, 2, 1
12 - 06 - 2023, 00: 30: 14, Sylas, false, 0, 0, 0, 1, 0, 3, 0, 0, 0, 0, 8, 1
12 - 06 - 2023, 00: 26: 04, Akali, false, 0, 0, 0, 7, 0, 0, 0, 0, 0, 0, 4, 0
12 - 06 - 2023, 00: 31: 01, Kennen, false, 0, 0, 0, 2, 0, 0, 0, 0, 0, 0, 3, 0
12 - 06 - 2023, 00: 34: 50, Jax, false, 0, 0, 0, 3, 0, 0, 0, 0, 0, 1, 9, 0
09 - 06 - 2023, 00: 31: 38, Gragas, true, 0, 0, 0, 6, 0, 0, 0, 0, 0, 0, 6, 0
08 - 06 - 2023, 00: 31: 31, Rengar, false, 0, 0, 0, 1, 0, 0, 0, 0, 0, 0, 6, 0
08 - 06 - 2023, 00: 26: 41, Kennen, false, 0, 0, 0, 1, 0, 2, 0, 0, 0, 0, 3, 0
08 - 06 - 2023, 00: 25: 15, Gnar, true, 0, 0, 0, 8, 0, 0, 0, 0, 0, 0, 0, 0
08 - 06 - 2023, 00: 25: 02, Neeko, true, 0, 0, 0, 2, 0, 3, 0, 0, 0, 0, 2, 0
08 - 06 - 2023, 00: 29: 55, Fiora, true, 0, 0, 0, 5, 0, 0, 0, 0, 0, 0, 2, 0
08 - 06 - 2023, 00: 27: 17, Gnar, true, 0, 0, 0, 1, 0, 0, 0, 0, 0, 0, 1, 0
08 - 06 - 2023, 00: 27: 19, Gwen, false, 0, 0, 0, 5, 0, 1, 0, 0, 0, 0, 0, 0
08 - 06 - 2023, 00: 25: 56, Gwen, true, 0, 0, 0, 2, 0, 3, 0, 0, 0, 0, 1, 0
07 - 06 - 2023, 00: 27: 24, Gwen, false, 0, 1, 0, 2, 0, 0, 0, 0, 0, 0, 8, 0
07 - 06 - 2023, 00: 16: 51, Gnar, true, 0, 0, 0, 1, 0, 1, 0, 0, 0, 0, 0, 0
07 - 06 - 2023, 00: 32: 20, Jax, false, 0, 0, 0, 12, 0, 2, 0, 0, 0, 0, 4, 0
06 - 06 - 2023, 00: 23: 53, Leblanc, false, 0, 2, 0, 0, 0, 2, 0, 0, 0, 0, 4, 0
06 - 06 - 2023, 00: 23: 28, Gwen, true, 0, 0, 0, 8, 0, 0, 0, 0, 0, 0, 3, 0
06 - 06 - 2023, 00: 26: 40, Gwen, false, 0, 0, 0, 9, 0, 2, 0, 0, 0, 0, 9, 0
06 - 06 - 2023, 00: 38: 45, Neeko, false, 0, 0, 0, 3, 0, 3, 0, 0, 0, 0, 9, 0
05 - 06 - 2023, 00: 30: 16, Annie, true, 0, 0, 0, 5, 0, 3, 0, 0, 0, 0, 9, 0
05 - 06 - 2023, 00: 28: 48, Sylas, true, 0, 0, 0, 4, 0, 7, 0, 0, 0, 0, 4, 0
05 - 06 - 2023, 00: 41: 31, Viktor, true, 0, 0, 0, 13, 0, 6, 2, 0, 0, 1, 16, 0
05 - 06 - 2023, 00: 19: 57, Neeko, false, 0, 0, 0, 4, 0, 0, 0, 0, 0, 0, 5, 0
04 - 06 - 2023, 00: 27: 22, Neeko, false, 0, 0, 0, 11, 0, 0, 0, 0, 0, 0, 3, 0
04 - 06 - 2023, 00: 20: 09, Gwen, true, 0, 0, 0, 3, 0, 4, 0, 0, 0, 0, 0, 0
04 - 06 - 2023, 00: 16: 02, Neeko, true, 0, 1, 0, 2, 0, 14, 0, 0, 0, 0, 1, 0
04 - 06 - 2023, 00: 27: 32, Akali, true, 0, 0, 0, 3, 0, 2, 0, 0, 0, 0, 3, 0
04 - 06 - 2023, 00: 29: 58, Gwen, true, 0, 1, 0, 4, 0, 1, 0, 0, 0, 0, 7, 1
04 - 06 - 2023, 00: 27: 18, Vi, false, 0, 0, 0, 10, 0, 0, 0, 0, 0, 0, 2, 0
04 - 06 - 2023, 00: 17: 54, Vi, true, 1, 0, 0, 3, 0, 0, 0, 0, 0, 0, 3, 0
03 - 06 - 2023, 00: 24: 32, Gragas, false, 0, 0, 0, 6, 0, 7, 0, 0, 0, 0, 17, 1
03 - 06 - 2023, 00: 28: 42, Neeko, true, 0, 0, 0, 7, 0, 2, 0, 0, 0, 0, 8, 0
03 - 06 - 2023, 00: 23: 24, Viktor, true, 0, 0, 0, 4, 0, 0, 0, 0, 0, 0, 3, 0
03 - 06 - 2023, 00: 20: 23, Talon, true, 0, 0, 0, 4, 0, 3, 0, 0, 0, 0, 2, 0
03 - 06 - 2023, 00: 20: 44, Neeko, true, 0, 0, 0, 4, 0, 2, 0, 0, 0, 0, 0, 0
02 - 06 - 2023, 00: 34: 29, Talon, false, 0, 0, 0, 2, 0, 5, 0, 0, 0, 0, 14, 1
02 - 06 - 2023, 00: 31: 26, Viktor, false, 0, 0, 0, 5, 0, 5, 0, 0, 0, 0, 7, 0
02 - 06 - 2023, 00: 29: 37, Jax, true, 0, 0, 0, 5, 0, 2, 0, 0, 0, 0, 8, 0
02 - 06 - 2023, 00: 32: 54, Neeko, false, 0, 0, 0, 5, 0, 3, 0, 0, 0, 0, 7, 0
02 - 06 - 2023, 00: 36: 34, Zeri, false, 0, 0, 0, 4, 0, 2, 0, 0, 0, 0, 3, 0
01 - 06 - 2023, 00: 40: 01, Viktor, true, 0, 0, 0, 11, 0, 6, 0, 0, 0, 0, 10, 1
01 - 06 - 2023, 00: 27: 05, Nautilus, false, 1, 0, 0, 16, 0, 1, 0, 0, 0, 0, 21, 0
31 - 05 - 2023, 00: 32: 43, Gwen, true, 0, 0, 0, 3, 0, 0, 0, 0, 0, 0, 6, 0
31 - 05 - 2023, 00: 38: 21, KSante, true, 0, 0, 0, 3, 0, 0, 0, 0, 0, 0, 6, 1
30 - 05 - 2023, 00: 24: 06, Jayce, true, 0, 0, 0, 3, 0, 0, 0, 0, 0, 0, 0, 0
30 - 05 - 2023, 00: 28: 49, Gwen, true, 0, 0, 0, 0, 0, 0, 0, 0, 0, 0, 0, 0
30 - 05 - 2023, 00: 34: 57, Kennen, true, 1, 0, 0, 11, 0, 0, 0, 0, 0, 0, 8, 0
30 - 05 - 2023, 00: 25: 20, Illaoi, false, 0, 0, 0, 2, 0, 0, 0, 0, 0, 0, 2, 0
30 - 05 - 2023, 00: 27: 09, Gwen, true, 0, 0, 0, 1, 0, 0, 0, 0, 0, 0, 3, 0
30 - 05 - 2023, 00: 26: 06, Jax, true, 0, 0, 0, 3, 0, 0, 0, 0, 0, 0, 13, 0
30 - 05 - 2023, 00: 20: 14, Fizz, false, 0, 0, 0, 3, 0, 5, 0, 0, 0, 0, 5, 0
30 - 05 - 2023, 00: 24: 03, Neeko, false, 0, 0, 0, 2, 0, 3, 0, 0, 0, 0, 8, 0
30 - 05 - 2023, 00: 15: 25, Jax, true, 0, 0, 0, 2, 0, 1, 0, 0, 0, 0, 1, 0
30 - 05 - 2023, 00: 22: 39, MonkeyKing, false, 0, 0, 0, 0, 0, 0, 0, 0, 0, 0, 8, 0
29 - 05 - 2023, 00: 24: 18, Fizz, false, 0, 0, 0, 1, 0, 1, 0, 0, 0, 0, 1, 0
29 - 05 - 2023, 00: 28: 56, Fizz, true, 0, 0, 0, 3, 0, 1, 0, 0, 0, 0, 1, 0
29 - 05 - 2023, 00: 30: 58, Ahri, false, 0, 0, 0, 7, 0, 0, 0, 0, 0, 0, 6, 0
28 - 05 - 2023, 00: 38: 30, Yasuo, true, 0, 0, 0, 13, 0, 1, 0, 0, 0, 0, 15, 0
28 - 05 - 2023, 00: 19: 11, Khazix, false, 0, 0, 0, 1, 0, 1, 0, 0, 0, 0, 3, 0
28 - 05 - 2023, 00: 34: 37, Qiyana, true, 0, 0, 0, 8, 0, 1, 0, 0, 0, 0, 6, 0
28 - 05 - 2023, 00: 28: 15, Aphelios, true, 0, 0, 0, 7, 0, 1, 0, 0, 0, 0, 4, 0
27 - 05 - 2023, 00: 26: 06, Jinx, false, 0, 0, 0, 7, 0, 1, 0, 0, 0, 0, 4, 0
27 - 05 - 2023, 00: 35: 37, Zeri, false, 0, 0, 0, 2, 0, 0, 0, 0, 0, 0, 10, 0
27 - 05 - 2023, 00: 37: 33, Nidalee, false, 0, 0, 0, 6, 0, 0, 0, 0, 0, 0, 8, 0
27 - 05 - 2023, 00: 30: 36, Nidalee, true, 0, 0, 0, 5, 0, 0, 0, 0, 0, 0, 11, 0
27 - 05 - 2023, 00: 25: 11, Vi, false, 0, 0, 0, 12, 0, 0, 0, 0, 0, 0, 4, 0
26 - 05 - 2023, 00: 24: 38, Hecarim, true, 0, 0, 0, 5, 0, 0, 0, 0, 0, 0, 10, 0
26 - 05 - 2023, 00: 16: 09, LeeSin, false, 0, 0, 0, 2, 0, 0, 0, 0, 0, 0, 11, 0
26 - 05 - 2023, 00: 23: 28, Hecarim, false, 0, 0, 0, 2, 0, 6, 0, 0, 0, 0, 11, 0
26 - 05 - 2023, 00: 32: 51, Graves, true, 0, 0, 0, 2, 0, 0, 0, 0, 0, 0, 17, 0
26 - 05 - 2023, 00: 24: 45, Nidalee, false, 1, 0, 0, 2, 0, 0, 0, 0, 0, 0, 11, 0
23 - 05 - 2023, 00: 19: 42, Kassadin, false, 0, 0, 0, 2, 0, 1, 1, 0, 0, 0, 0, 0
22 - 05 - 2023, 00: 30: 10, Graves, false, 0, 0, 0, 9, 0, 0, 0, 0, 0, 0, 15, 0
21 - 05 - 2023, 00: 27: 35, MonkeyKing, false, 0, 0, 0, 2, 0, 3, 0, 0, 0, 0, 21, 0
21 - 05 - 2023, 00: 15: 31, Nidalee, true, 0, 0, 0, 3, 0, 0, 0, 0, 0, 0, 4, 0
20 - 05 - 2023, 00: 29: 46, Maokai, false, 0, 0, 0, 19, 0, 1, 0, 0, 0, 0, 28, 0
20 - 05 - 2023, 00: 31: 58, Neeko, false, 0, 0, 0, 1, 0, 0, 0, 0, 1, 0, 2, 0
20 - 05 - 2023, 00: 29: 43, Nidalee, true, 0, 0, 0, 1, 0, 0, 0, 0, 0, 0, 5, 0
20 - 05 - 2023, 00: 23: 59, Ornn, true, 0, 0, 0, 8, 0, 2, 0, 0, 0, 0, 13, 0
20 - 05 - 2023, 00: 24: 05, Talon, false, 0, 0, 0, 1, 0, 0, 0, 0, 0, 0, 6, 0
18 - 05 - 2023, 00: 39: 56, Kindred, true, 0, 0, 0, 0, 0, 10, 0, 0, 1, 0, 6, 0
18 - 05 - 2023, 00: 29: 52, Caitlyn, false, 0, 0, 0, 11, 0, 6, 0, 0, 0, 0, 6, 0
18 - 05 - 2023, 00: 32: 51, Aphelios, false, 2, 0, 0, 6, 0, 2, 0, 1, 1, 0, 7, 0
18 - 05 - 2023, 00: 18: 19, Aphelios, true, 0, 0, 0, 1, 0, 0, 0, 0, 0, 0, 3, 0
18 - 05 - 2023, 00: 31: 45, Gangplank, true, 0, 0, 0, 7, 0, 5, 0, 0, 0, 0, 2, 0
18 - 05 - 2023, 00: 36: 14, Talon, false, 0, 1, 0, 4, 0, 6, 0, 0, 0, 0, 8, 0
17 - 05 - 2023, 00: 15: 43, Ornn, true, 0, 0, 0, 2, 0, 0, 0, 0, 0, 0, 1, 0
17 - 05 - 2023, 00: 26: 33, Zeri, true, 0, 0, 0, 8, 0, 0, 0, 0, 0, 0, 2, 0
16 - 05 - 2023, 00: 18: 38, Sylas, true, 0, 0, 0, 1, 0, 9, 0, 0, 0, 0, 2, 0
16 - 05 - 2023, 00: 24: 00, Cassiopeia, true, 0, 0, 0, 5, 0, 1, 1, 0, 0, 0, 3, 0
16 - 05 - 2023, 00: 28: 03, Caitlyn, true, 0, 0, 0, 2, 0, 2, 0, 0, 0, 0, 5, 0
16 - 05 - 2023, 00: 43: 41, Jayce, false, 0, 0, 0, 8, 0, 0, 0, 0, 0, 0, 7, 0
15 - 05 - 2023, 00: 31: 49, Nidalee, false, 0, 0, 0, 4, 0, 3, 0, 0, 0, 0, 10, 0
14 - 05 - 2023, 00: 27: 28, Khazix, false, 0, 0, 0, 11, 0, 0, 0, 0, 0, 0, 11, 0
14 - 05 - 2023, 00: 23: 58, Nidalee, true, 0, 0, 0, 4, 0, 0, 0, 0, 0, 0, 8, 0
14 - 05 - 2023, 00: 18: 41, Vi, true, 0, 0, 0, 2, 0, 3, 0, 0, 0, 0, 6, 0
14 - 05 - 2023, 00: 37: 20, Nidalee, false, 1, 0, 0, 6, 0, 2, 0, 0, 0, 0, 6, 0
14 - 05 - 2023, 00: 29: 17, Nidalee, true, 0, 0, 0, 4, 0, 2, 0, 0, 0, 0, 2, 0
14 - 05 - 2023, 00: 15: 17, Nidalee, true, 0, 0, 0, 1, 0, 0, 0, 0, 0, 0, 1, 0
13 - 05 - 2023, 00: 26: 41, Nautilus, false, 0, 0, 0, 7, 0, 0, 0, 0, 0, 0, 3, 0
13 - 05 - 2023, 00: 27: 06, Nautilus, false, 0, 0, 0, 3, 0, 2, 0, 0, 0, 0, 13, 1
13 - 05 - 2023, 00: 18: 35, Nidalee, false, 0, 0, 0, 1, 0, 0, 0, 0, 0, 0, 1, 0
13 - 05 - 2023, 00: 15: 16, Nidalee, true, 0, 0, 0, 0, 0, 0, 0, 0, 0, 0, 2, 0
13 - 05 - 2023, 00: 34: 11, Ahri, true, 0, 0, 0, 5, 0, 1, 0, 0, 0, 0, 20, 0
13 - 05 - 2023, 00: 23: 48, Nidalee, false, 0, 0, 0, 4, 0, 0, 0, 0, 0, 0, 12, 0
13 - 05 - 2023, 00: 26: 14, Sejuani, false, 0, 0, 0, 6, 0, 0, 0, 0, 0, 0, 12, 0
13 - 05 - 2023, 00: 23: 38, MonkeyKing, true, 0, 0, 0, 3, 0, 0, 0, 0, 0, 0, 7, 0
13 - 05 - 2023, 00: 20: 50, Nidalee, true, 0, 0, 0, 5, 0, 0, 0, 0, 0, 0, 9, 0
13 - 05 - 2023, 00: 26: 19, Jayce, false, 1, 0, 0, 8, 0, 0, 0, 1, 0, 0, 4, 0
12 - 05 - 2023, 00: 29: 59, Cassiopeia, true, 0, 0, 0, 7, 0, 4, 0, 0, 1, 0, 10, 0
12 - 05 - 2023, 00: 26: 07, Olaf, false, 0, 0, 0, 1, 0, 0, 0, 0, 0, 0, 0, 0
12 - 05 - 2023, 00: 15: 37, Cassiopeia, false, 0, 0, 0, 0, 0, 3, 0, 0, 0, 0, 5, 0
12 - 05 - 2023, 00: 34: 14, Cassiopeia, false, 1, 0, 0, 8, 0, 5, 0, 0, 1, 0, 15, 1
11 - 05 - 2023, 00: 36: 52, Cassiopeia, true, 0, 0, 0, 6, 0, 4, 0, 0, 0, 0, 6, 0
11 - 05 - 2023, 00: 26: 26, Nidalee, false, 0, 0, 0, 2, 0, 6, 0, 0, 0, 0, 14, 0
11 - 05 - 2023, 00: 18: 56, Nidalee, false, 0, 0, 0, 0, 0, 1, 0, 0, 0, 0, 16, 0
11 - 05 - 2023, 00: 36: 58, Nidalee, true, 0, 0, 0, 2, 0, 4, 0, 0, 1, 0, 22, 0
11 - 05 - 2023, 00: 21: 13, Elise, false, 0, 0, 0, 8, 0, 1, 0, 0, 0, 0, 15, 0
11 - 05 - 2023, 00: 30: 28, Nidalee, true, 0, 0, 0, 6, 0, 1, 0, 0, 0, 0, 13, 0
11 - 05 - 2023, 00: 25: 29, Nidalee, true, 0, 0, 0, 9, 0, 1, 0, 0, 0, 0, 8, 0
10 - 05 - 2023, 00: 25: 46, Ahri, true, 0, 0, 0, 12, 0, 2, 0, 0, 0, 0, 14, 0
09 - 05 - 2023, 00: 30: 32, Swain, false, 0, 0, 0, 0, 0, 4, 0, 0, 0, 0, 7, 0
08 - 05 - 2023, 00: 27: 43, Talon, false, 0, 0, 0, 4, 0, 6, 0, 0, 0, 0, 5, 0
08 - 05 - 2023, 00: 35: 21, Ahri, false, 0, 0, 0, 12, 0, 2, 0, 0, 0, 0, 18, 5
08 - 05 - 2023, 00: 15: 14, Sylas, true, 0, 1, 0, 2, 0, 9, 0, 0, 0, 0, 3, 0
07 - 05 - 2023, 00: 21: 27, Sylas, true, 0, 0, 0, 3, 0, 7, 0, 0, 0, 0, 9, 0
07 - 05 - 2023, 00: 27: 36, Thresh, false, 0, 0, 0, 8, 0, 0, 0, 0, 1, 0, 12, 0
07 - 05 - 2023, 00: 21: 15, Yasuo, false, 0, 0, 0, 4, 0, 0, 0, 0, 0, 0, 3, 0
07 - 05 - 2023, 00: 32: 55, Aphelios, false, 0, 0, 0, 7, 0, 4, 0, 0, 1, 0, 21, 2
07 - 05 - 2023, 00: 24: 12, Aphelios, false, 0, 0, 0, 6, 0, 3, 0, 0, 0, 0, 7, 0
07 - 05 - 2023, 00: 15: 19, Hecarim, false, 0, 0, 0, 5, 0, 0, 0, 0, 0, 0, 5, 0
06 - 05 - 2023, 00: 27: 06, Gragas, false, 0, 0, 0, 23, 0, 4, 0, 0, 0, 0, 12, 0
06 - 05 - 2023, 00: 25: 42, Gragas, true, 0, 0, 0, 13, 0, 10, 0, 0, 0, 0, 15, 0
06 - 05 - 2023, 00: 27: 32, Leblanc, false, 0, 0, 0, 6, 0, 6, 2, 0, 0, 0, 11, 2
06 - 05 - 2023, 00: 25: 24, Lissandra, true, 0, 0, 0, 8, 0, 1, 0, 0, 0, 0, 17, 0
06 - 05 - 2023, 00: 19: 45, Sylas, false, 0, 0, 0, 3, 0, 5, 0, 0, 0, 0, 4, 0
05 - 05 - 2023, 00: 27: 32, Cassiopeia, true, 0, 0, 0, 4, 0, 2, 0, 0, 0, 0, 12, 0
05 - 05 - 2023, 00: 23: 56, Talon, true, 0, 0, 0, 1, 0, 2, 0, 0, 0, 0, 10, 0
05 - 05 - 2023, 00: 28: 23, Nidalee, false, 0, 0, 0, 7, 0, 1, 0, 0, 0, 0, 6, 0
05 - 05 - 2023, 00: 15: 10, Sylas, true, 0, 0, 0, 7, 0, 6, 0, 0, 0, 0, 3, 0
05 - 05 - 2023, 00: 18: 17, Ahri, true, 0, 0, 0, 4, 0, 0, 0, 0, 0, 0, 5, 0
05 - 05 - 2023, 00: 27: 10, Nautilus, false, 0, 0, 0, 20, 0, 5, 0, 0, 0, 0, 31, 0
05 - 05 - 2023, 00: 37: 05, Leblanc, true, 0, 1, 0, 9, 0, 3, 0, 0, 0, 0, 13, 0
05 - 05 - 2023, 00: 19: 59, Cassiopeia, false, 0, 0, 0, 0, 0, 0, 0, 0, 0, 0, 2, 0
04 - 05 - 2023, 00: 38: 37, Rakan, false, 0, 0, 0, 25, 0, 4, 0, 0, 0, 0, 23, 1
04 - 05 - 2023, 00: 25: 22, Jinx, true, 0, 1, 0, 8, 0, 1, 0, 0, 0, 0, 7, 0
04 - 05 - 2023, 00: 16: 48, Jinx, false, 0, 0, 0, 3, 0, 6, 0, 0, 0, 0, 0, 0
04 - 05 - 2023, 00: 26: 24, Vex, false, 0, 0, 0, 14, 0, 4, 0, 0, 0, 0, 6, 0
04 - 05 - 2023, 00: 28: 56, KSante, false, 0, 0, 0, 4, 0, 1, 0, 0, 0, 0, 5, 0
03 - 05 - 2023, 00: 23: 49, Sylas, true, 0, 0, 0, 10, 0, 0, 0, 0, 0, 0, 11, 0
03 - 05 - 2023, 00: 18: 49, Jayce, false, 0, 0, 0, 3, 0, 0, 0, 0, 0, 0, 5, 0
03 - 05 - 2023, 00: 42: 04, Gragas, false, 0, 0, 0, 4, 0, 1, 0, 0, 0, 0, 21, 1
03 - 05 - 2023, 00: 15: 34, Ahri, false, 0, 0, 0, 0, 0, 15, 0, 0, 0, 0, 4, 0
03 - 05 - 2023, 00: 28: 33, Kennen, false, 0, 0, 0, 7, 0, 0, 0, 0, 0, 0, 7, 0
03 - 05 - 2023, 00: 36: 05, Renekton, true, 0, 0, 0, 6, 0, 3, 0, 0, 0, 0, 17, 0
03 - 05 - 2023, 00: 29: 57, Gragas, false, 0, 0, 0, 1, 0, 3, 0, 0, 0, 0, 9, 0
02 - 05 - 2023, 00: 16: 09, Gragas, true, 0, 0, 0, 5, 0, 2, 0, 0, 0, 0, 5, 0
02 - 05 - 2023, 00: 29: 56, Sylas, false, 0, 1, 0, 19, 0, 6, 0, 0, 0, 1, 18, 0
02 - 05 - 2023, 00: 24: 05, Sylas, true, 0, 1, 0, 13, 0, 7, 0, 0, 0, 0, 20, 0
02 - 05 - 2023, 00: 33: 03, Jayce, true, 0, 0, 0, 18, 0, 1, 0, 0, 0, 0, 35, 0
02 - 05 - 2023, 00: 30: 50, Ornn, true, 1, 0, 0, 8, 0, 1, 0, 0, 0, 0, 13, 0
02 - 05 - 2023, 00: 25: 37, Sylas, true, 0, 0, 0, 5, 0, 1, 0, 0, 0, 0, 16, 0
02 - 05 - 2023, 00: 23: 21, Sylas, true, 0, 0, 0, 4, 0, 0, 0, 0, 0, 0, 3, 0
02 - 05 - 2023, 00: 31: 49, Sylas, false, 1, 0, 0, 12, 0, 0, 0, 0, 0, 0, 14, 0
02 - 05 - 2023, 00: 02: 10, Sylas, false, 0, 0, 0, 0, 0, 0, 0, 0, 0, 0, 0, 0
01 - 05 - 2023, 00: 31: 14, Gragas, false, 0, 0, 0, 14, 0, 7, 0, 0, 0, 0, 1, 0
01 - 05 - 2023, 00: 32: 12, Ashe, true, 0, 0, 0, 12, 0, 0, 0, 0, 0, 0, 9, 0
01 - 05 - 2023, 00: 32: 01, Talon, false, 0, 1, 0, 10, 0, 1, 0, 0, 0, 0, 8, 0
01 - 05 - 2023, 00: 24: 03, Jayce, true, 0, 0, 0, 7, 0, 5, 0, 0, 0, 0, 7, 0
01 - 05 - 2023, 00: 15: 29, Nautilus, false, 0, 0, 0, 14, 0, 0, 0, 0, 1, 0, 6, 0
01 - 05 - 2023, 00: 28: 40, Gragas, false, 0, 0, 0, 7, 0, 1, 0, 0, 0, 0, 8, 0
01 - 05 - 2023, 00: 27: 29, Gragas, true, 0, 0, 0, 14, 0, 2, 0, 0, 0, 0, 19, 0
01 - 05 - 2023, 00: 22: 25, Gragas, false, 0, 0, 0, 14, 0, 0, 0, 0, 0, 0, 14, 0
01 - 05 - 2023, 00: 28: 18, Cassiopeia, false, 0, 0, 0, 5, 0, 2, 0, 0, 0, 0, 4, 0
01 - 05 - 2023, 00: 16: 00, Kennen, false, 0, 0, 0, 1, 0, 0, 0, 0, 0, 0, 2, 0
01 - 05 - 2023, 00: 22: 34, KSante, false, 0, 0, 0, 3, 0, 2, 0, 0, 0, 0, 8, 0
30 - 04 - 2023, 00: 25: 59, Leblanc, false, 0, 1, 0, 8, 0, 4, 0, 0, 0, 0, 10, 0
30 - 04 - 2023, 00: 18: 54, KSante, true, 0, 0, 0, 3, 0, 2, 0, 0, 0, 0, 2, 0
30 - 04 - 2023, 00: 29: 51, Ahri, true, 0, 0, 0, 11, 0, 5, 0, 0, 0, 0, 14, 0
30 - 04 - 2023, 00: 18: 39, Ornn, true, 0, 0, 0, 5, 0, 0, 0, 0, 0, 0, 1, 0
30 - 04 - 2023, 00: 29: 18, Leblanc, true, 0, 0, 0, 4, 0, 0, 0, 0, 0, 0, 11, 0
30 - 04 - 2023, 00: 24: 03, Thresh, false, 1, 0, 0, 10, 0, 0, 0, 0, 0, 0, 13, 1
30 - 04 - 2023, 00: 37: 14, AurelionSol, false, 0, 1, 0, 12, 0, 1, 0, 0, 0, 0, 21, 1
30 - 04 - 2023, 00: 17: 30, Jayce, true, 0, 0, 0, 0, 0, 2, 0, 0, 0, 0, 0, 0
30 - 04 - 2023, 00: 34: 08, Syndra, true, 0, 0, 0, 15, 0, 0, 0, 0, 0, 0, 22, 0
30 - 04 - 2023, 00: 01: 44, Gragas, false, 0, 0, 0, 0, 0, 0, 0, 0, 0, 0, 0, 0
30 - 04 - 2023, 00: 23: 55, Gnar, false, 1, 0, 0, 6, 0, 0, 0, 0, 0, 0, 5, 0
30 - 04 - 2023, 00: 22: 30, Gragas, true, 0, 0, 0, 1, 0, 0, 0, 0, 0, 0, 7, 0
30 - 04 - 2023, 00: 15: 46, Leblanc, true, 1, 0, 0, 1, 0, 2, 0, 0, 0, 0, 7, 0
29 - 04 - 2023, 00: 27: 28, Gragas, true, 0, 0, 0, 1, 0, 0, 0, 0, 0, 0, 6, 0
29 - 04 - 2023, 00: 31: 27, Gragas, false, 0, 0, 0, 8, 0, 11, 0, 0, 0, 0, 6, 0
29 - 04 - 2023, 00: 23: 58, Kennen, false, 0, 0, 0, 7, 0, 2, 0, 0, 0, 0, 3, 0
29 - 04 - 2023, 00: 21: 10, Gragas, false, 0, 0, 0, 4, 0, 0, 0, 0, 0, 0, 7, 0
29 - 04 - 2023, 00: 23: 04, Galio, true, 0, 0, 0, 10, 0, 1, 0, 0, 0, 0, 7, 0
29 - 04 - 2023, 00: 43: 24, Ahri, false, 1, 0, 0, 17, 0, 6, 0, 0, 2, 0, 22, 0
29 - 04 - 2023, 00: 31: 06, Sylas, true, 0, 0, 0, 10, 0, 0, 0, 0, 0, 0, 26, 0
29 - 04 - 2023, 00: 15: 19, Irelia, false, 0, 0, 0, 3, 0, 2, 0, 0, 0, 0, 2, 0
28 - 04 - 2023, 00: 28: 54, Renekton, false, 0, 0, 0, 5, 0, 6, 0, 0, 0, 0, 10, 1
28 - 04 - 2023, 00: 20: 52, Renekton, true, 0, 1, 0, 3, 0, 0, 3, 0, 0, 2, 2, 0
28 - 04 - 2023, 00: 23: 52, Ahri, false, 0, 0, 0, 7, 0, 0, 0, 0, 0, 0, 3, 0
27 - 04 - 2023, 00: 36: 06, Irelia, true, 1, 0, 0, 19, 0, 5, 0, 0, 0, 0, 19, 0
27 - 04 - 2023, 00: 27: 26, Gnar, false, 0, 0, 0, 5, 0, 1, 0, 0, 0, 0, 6, 0
27 - 04 - 2023, 00: 15: 47, KSante, true, 0, 0, 0, 4, 0, 0, 0, 0, 0, 0, 3, 0
27 - 04 - 2023, 00: 24: 54, Gnar, true, 0, 0, 0, 2, 0, 3, 0, 0, 0, 0, 6, 0
27 - 04 - 2023, 00: 38: 16, Zeri, false, 0, 0, 0, 15, 0, 8, 0, 0, 0, 0, 17, 0
26 - 04 - 2023, 00: 23: 41, Zeri, false, 0, 0, 0, 3, 0, 5, 0, 0, 0, 0, 2, 0
26 - 04 - 2023, 00: 27: 10, Ezreal, true, 1, 0, 0, 8, 0, 0, 0, 0, 0, 0, 5, 0
26 - 04 - 2023, 00: 32: 40, Ezreal, false, 0, 0, 0, 20, 0, 0, 1, 0, 0, 0, 6, 0
26 - 04 - 2023, 00: 26: 51, Ezreal, false, 0, 0, 0, 7, 0, 0, 0, 0, 0, 0, 17, 0
26 - 04 - 2023, 00: 25: 05, Zeri, false, 0, 0, 0, 9, 0, 0, 0, 0, 0, 0, 6, 0
26 - 04 - 2023, 00: 26: 39, Zeri, true, 0, 0, 0, 7, 0, 1, 0, 0, 0, 0, 9, 0
26 - 04 - 2023, 00: 31: 37, Jinx, false, 0, 0, 0, 7, 0, 5, 0, 0, 0, 0, 11, 0
25 - 04 - 2023, 00: 29: 12, Zeri, false, 1, 0, 0, 16, 0, 8, 0, 0, 0, 2, 8, 0
25 - 04 - 2023, 00: 26: 03, Zeri, true, 0, 0, 0, 8, 0, 1, 0, 0, 0, 0, 11, 0
25 - 04 - 2023, 00: 22: 52, Irelia, false, 0, 0, 0, 3, 0, 0, 0, 0, 0, 0, 4, 0
24 - 04 - 2023, 00: 31: 06, Gragas, false, 0, 0, 0, 4, 0, 0, 0, 0, 0, 0, 17, 0
24 - 04 - 2023, 00: 31: 48, Gnar, true, 0, 0, 0, 3, 0, 0, 0, 0, 0, 0, 10, 0
24 - 04 - 2023, 00: 26: 26, Jayce, true, 0, 1, 0, 9, 0, 9, 0, 0, 0, 0, 5, 1
24 - 04 - 2023, 00: 32: 06, Gragas, true, 0, 0, 0, 7, 0, 4, 0, 0, 0, 0, 32, 0
24 - 04 - 2023, 00: 17: 42, Leblanc, false, 0, 0, 0, 4, 0, 0, 0, 0, 0, 0, 1, 1
24 - 04 - 2023, 00: 26: 02, Kennen, false, 0, 0, 0, 0, 0, 2, 0, 0, 0, 0, 0, 0
24 - 04 - 2023, 00: 37: 59, Tristana, false, 0, 0, 0, 24, 0, 1, 0, 0, 0, 0, 9, 0
23 - 04 - 2023, 00: 21: 50, Ezreal, false, 0, 0, 0, 6, 0, 0, 0, 0, 0, 0, 1, 0
23 - 04 - 2023, 00: 15: 18, Ahri, true, 0, 0, 0, 1, 0, 0, 0, 0, 0, 0, 1, 1
23 - 04 - 2023, 00: 19: 49, Ahri, false, 0, 0, 0, 1, 0, 2, 0, 0, 0, 0, 3, 0
23 - 04 - 2023, 00: 15: 46, Leblanc, false, 0, 0, 0, 3, 0, 7, 0, 0, 0, 0, 9, 0
23 - 04 - 2023, 00: 31: 37, KSante, true, 0, 0, 0, 13, 0, 1, 2, 0, 0, 0, 13, 0
23 - 04 - 2023, 00: 15: 22, Rakan, false, 0, 0, 0, 8, 0, 0, 0, 0, 0, 0, 3, 0
23 - 04 - 2023, 00: 29: 59, Qiyana, false, 0, 0, 0, 11, 0, 8, 0, 0, 0, 0, 4, 0
23 - 04 - 2023, 00: 25: 57, Nautilus, false, 0, 0, 0, 14, 0, 0, 0, 0, 0, 0, 12, 0
23 - 04 - 2023, 00: 19: 59, Ahri, true, 0, 0, 0, 4, 0, 2, 0, 0, 0, 0, 7, 0
23 - 04 - 2023, 00: 25: 01, Ahri, true, 0, 0, 0, 9, 0, 8, 0, 0, 0, 0, 6, 0
22 - 04 - 2023, 00: 26: 10, Gnar, true, 0, 0, 0, 4, 0, 3, 0, 0, 0, 0, 6, 0
22 - 04 - 2023, 00: 26: 51, Renekton, true, 0, 0, 0, 13, 0, 3, 0, 0, 0, 0, 10, 0
22 - 04 - 2023, 00: 19: 15, Ahri, true, 0, 0, 0, 3, 0, 1, 0, 0, 0, 0, 2, 0
22 - 04 - 2023, 00: 20: 58, Leblanc, false, 0, 0, 0, 4, 0, 1, 1, 0, 0, 0, 2, 0
22 - 04 - 2023, 00: 14: 59, Leblanc, false, 0, 0, 0, 3, 0, 0, 0, 0, 0, 0, 5, 0
22 - 04 - 2023, 00: 27: 00, Leblanc, true, 0, 0, 0, 6, 0, 0, 0, 0, 0, 0, 13, 0
22 - 04 - 2023, 00: 31: 42, Sylas, false, 1, 0, 0, 13, 0, 1, 0, 0, 0, 0, 22, 0
22 - 04 - 2023, 00: 32: 39, Gnar, true, 0, 0, 0, 1, 0, 0, 0, 0, 0, 0, 18, 0
22 - 04 - 2023, 00: 24: 25, Lissandra, false, 0, 0, 0, 14, 0, 0, 0, 0, 0, 0, 12, 0
22 - 04 - 2023, 00: 00: 16, Renekton, false, 0, 0, 0, 0, 0, 0, 0, 0, 0, 0, 0, 0
21 - 04 - 2023, 00: 31: 37, LeeSin, true, 0, 0, 0, 11, 0, 2, 0, 0, 0, 0, 22, 0
21 - 04 - 2023, 00: 26: 35, Leblanc, true, 0, 1, 0, 4, 0, 5, 0, 0, 0, 0, 11, 0
21 - 04 - 2023, 00: 15: 12, Gragas, true, 0, 0, 0, 4, 0, 0, 0, 0, 0, 0, 0, 0
20 - 04 - 2023, 00: 15: 31, Leblanc, true, 0, 0, 0, 3, 0, 8, 0, 0, 0, 0, 1, 0
20 - 04 - 2023, 00: 10: 28, Leblanc, true, 0, 0, 0, 2, 0, 2, 0, 0, 0, 0, 3, 0
20 - 04 - 2023, 00: 30: 11, Gragas, true, 1, 0, 0, 6, 0, 0, 0, 0, 0, 0, 33, 0
19 - 04 - 2023, 00: 29: 12, Leblanc, true, 0, 0, 0, 2, 0, 3, 0, 0, 0, 0, 13, 0
19 - 04 - 2023, 00: 18: 51, Ahri, false, 0, 0, 0, 4, 0, 1, 0, 0, 0, 0, 5, 0
19 - 04 - 2023, 00: 22: 50, Qiyana, true, 0, 0, 0, 3, 0, 1, 1, 0, 0, 0, 3, 0
19 - 04 - 2023, 00: 23: 55, Sion, false, 0, 0, 0, 3, 0, 0, 0, 0, 0, 0, 3, 0
18 - 04 - 2023, 00: 26: 25, Qiyana, true, 1, 0, 0, 8, 0, 8, 0, 0, 0, 0, 10, 0
18 - 04 - 2023, 00: 22: 11, Sion, true, 0, 0, 0, 4, 0, 1, 0, 0, 0, 0, 9, 0
18 - 04 - 2023, 00: 15: 34, Ahri, false, 0, 0, 0, 3, 0, 8, 0, 0, 0, 0, 3, 0
18 - 04 - 2023, 00: 28: 02, Gnar, true, 0, 0, 0, 7, 0, 1, 0, 0, 1, 0, 1, 0
17 - 04 - 2023, 00: 35: 45, Gnar, true, 0, 0, 0, 12, 0, 12, 0, 0, 0, 0, 17, 0
17 - 04 - 2023, 00: 31: 54, Fiora, false, 0, 0, 0, 14, 0, 0, 0, 0, 0, 0, 22, 0
17 - 04 - 2023, 00: 29: 38, Gnar, false, 0, 0, 0, 10, 0, 3, 1, 0, 0, 0, 19, 0
17 - 04 - 2023, 00: 22: 19, Aphelios, false, 0, 0, 0, 5, 0, 6, 0, 0, 0, 0, 5, 0
17 - 04 - 2023, 00: 23: 38, Leblanc, false, 0, 1, 0, 12, 0, 0, 0, 0, 0, 0, 5, 0
17 - 04 - 2023, 00: 33: 36, Jayce, false, 0, 0, 0, 13, 0, 7, 0, 0, 0, 0, 14, 0
15 - 04 - 2023, 00: 12: 55, Ahri, false, 0, 0, 0, 1, 0, 3, 0, 0, 0, 0, 3, 1
15 - 04 - 2023, 00: 18: 31, Ahri, true, 0, 0, 0, 1, 0, 2, 0, 0, 0, 0, 6, 0
15 - 04 - 2023, 00: 16: 11, Leblanc, false, 0, 0, 0, 3, 0, 10, 0, 0, 0, 0, 1, 0
15 - 04 - 2023, 00: 22: 05, Leblanc, false, 0, 0, 0, 1, 0, 8, 0, 0, 0, 0, 8, 0
15 - 04 - 2023, 00: 08: 05, Ahri, false, 0, 0, 0, 0, 0, 0, 0, 0, 0, 0, 3, 0
15 - 04 - 2023, 00: 27: 02, Ahri, false, 0, 0, 0, 16, 0, 1, 0, 0, 1, 0, 10, 0
14 - 04 - 2023, 00: 30: 37, Leblanc, false, 0, 2, 0, 7, 0, 1, 0, 0, 0, 0, 8, 0
14 - 04 - 2023, 00: 21: 43, Renekton, false, 0, 0, 0, 3, 0, 0, 0, 0, 0, 0, 3, 0
14 - 04 - 2023, 00: 29: 12, Ahri, true, 0, 0, 0, 7, 0, 7, 1, 0, 0, 0, 20, 1
13 - 04 - 2023, 00: 12: 42, Sylas, true, 0, 0, 0, 0, 0, 3, 0, 0, 0, 0, 5, 0
13 - 04 - 2023, 00: 16: 36, Malphite, true, 0, 0, 0, 2, 0, 1, 0, 0, 0, 0, 0, 0
13 - 04 - 2023, 00: 31: 39, Fiora, true, 0, 0, 0, 18, 0, 1, 0, 0, 0, 0, 7, 0
13 - 04 - 2023, 00: 30: 01, Cassiopeia, true, 0, 0, 0, 10, 0, 8, 0, 0, 0, 0, 3, 0
12 - 04 - 2023, 00: 18: 49, Sylas, true, 0, 0, 0, 4, 0, 0, 0, 0, 0, 0, 6, 0
12 - 04 - 2023, 00: 33: 32, Leblanc, true, 0, 0, 0, 10, 0, 3, 0, 0, 0, 0, 13, 0
11 - 04 - 2023, 00: 23: 52, Gnar, false, 0, 0, 0, 2, 0, 0, 0, 0, 0, 0, 0, 0
11 - 04 - 2023, 00: 40: 12, Veigar, false, 0, 0, 0, 21, 0, 6, 0, 0, 0, 0, 22, 0
11 - 04 - 2023, 00: 32: 18, Yone, false, 2, 1, 0, 12, 0, 2, 0, 0, 0, 0, 7, 0
10 - 04 - 2023, 00: 27: 13, Ahri, false, 0, 0, 0, 8, 0, 3, 0, 0, 0, 0, 13, 0
10 - 04 - 2023, 00: 15: 35, Leblanc, false, 0, 0, 0, 1, 0, 8, 0, 0, 0, 0, 2, 0
10 - 04 - 2023, 00: 26: 55, Leblanc, false, 0, 0, 0, 3, 0, 6, 0, 0, 0, 0, 13, 0
10 - 04 - 2023, 00: 33: 08, Leblanc, true, 0, 0, 0, 8, 0, 4, 0, 0, 0, 0, 11, 0
10 - 04 - 2023, 00: 23: 23, Leblanc, false, 0, 0, 0, 3, 0, 1, 1, 1, 0, 0, 4, 0
10 - 04 - 2023, 00: 23: 19, Viktor, false, 0, 0, 0, 6, 0, 1, 0, 0, 0, 0, 10, 0
09 - 04 - 2023, 00: 32: 07, Leblanc, true, 0, 0, 0, 11, 0, 1, 0, 0, 0, 0, 25, 0
09 - 04 - 2023, 00: 22: 35, Sylas, true, 0, 0, 0, 8, 0, 0, 0, 0, 0, 0, 5, 0
09 - 04 - 2023, 00: 31: 03, Aphelios, true, 0, 0, 0, 6, 0, 9, 0, 0, 0, 0, 3, 0
09 - 04 - 2023, 00: 21: 43, Leblanc, true, 0, 0, 0, 1, 0, 8, 0, 0, 0, 0, 5, 0
09 - 04 - 2023, 00: 24: 57, Sylas, true, 0, 0, 0, 4, 0, 0, 0, 0, 0, 0, 15, 0
09 - 04 - 2023, 00: 23: 44, Gragas, true, 0, 0, 0, 6, 0, 1, 0, 0, 0, 0, 10, 0
09 - 04 - 2023, 00: 27: 30, Gnar, true, 0, 0, 0, 1, 0, 0, 0, 0, 0, 0, 6, 0
09 - 04 - 2023, 00: 41: 53, Nautilus, true, 0, 0, 0, 19, 0, 0, 0, 0, 0, 0, 17, 1
09 - 04 - 2023, 00: 23: 51, Leblanc, false, 0, 0, 0, 3, 0, 4, 0, 0, 0, 0, 1, 0
09 - 04 - 2023, 00: 15: 51, Gnar, false, 0, 0, 0, 0, 0, 4, 0, 0, 0, 0, 0, 0
09 - 04 - 2023, 00: 24: 10, Leblanc, true, 0, 0, 0, 7, 0, 10, 0, 0, 0, 0, 10, 0
09 - 04 - 2023, 00: 29: 48, LeeSin, true, 0, 0, 0, 3, 0, 3, 0, 0, 0, 0, 8, 0
09 - 04 - 2023, 00: 32: 06, Olaf, true, 0, 1, 0, 2, 0, 0, 0, 0, 0, 0, 17, 0
09 - 04 - 2023, 00: 19: 39, Leblanc, false, 0, 0, 0, 6, 0, 1, 0, 0, 0, 0, 4, 0
08 - 04 - 2023, 00: 36: 47, Leblanc, false, 0, 0, 0, 5, 0, 3, 0, 0, 0, 0, 20, 0
08 - 04 - 2023, 00: 19: 31, Hecarim, false, 0, 0, 0, 0, 0, 0, 0, 0, 0, 0, 5, 0
08 - 04 - 2023, 00: 28: 36, Leblanc, false, 0, 0, 0, 6, 0, 11, 0, 0, 0, 0, 21, 0
08 - 04 - 2023, 00: 05: 06, Leblanc, true, 0, 0, 0, 1, 0, 3, 0, 0, 0, 0, 2, 0
08 - 04 - 2023, 00: 18: 06, Leblanc, true, 0, 0, 0, 2, 0, 0, 0, 0, 0, 0, 2, 0
08 - 04 - 2023, 00: 28: 50, Sylas, true, 0, 0, 0, 7, 0, 2, 0, 0, 0, 0, 23, 0
08 - 04 - 2023, 00: 33: 04, Ahri, false, 0, 0, 0, 8, 0, 12, 0, 0, 0, 0, 16, 0
08 - 04 - 2023, 00: 27: 14, Sylas, false, 0, 0, 0, 4, 0, 1, 0, 0, 0, 0, 20, 0
08 - 04 - 2023, 00: 30: 06, Akali, false, 0, 1, 0, 5, 0, 1, 0, 0, 0, 0, 3, 0
07 - 04 - 2023, 00: 32: 50, Udyr, true, 0, 0, 0, 0, 0, 0, 0, 0, 0, 0, 4, 0
07 - 04 - 2023, 00: 25: 02, Gragas, false, 0, 0, 0, 3, 0, 0, 0, 0, 0, 0, 11, 0
07 - 04 - 2023, 00: 23: 27, Gragas, false, 0, 0, 0, 4, 0, 2, 0, 0, 0, 0, 7, 0
07 - 04 - 2023, 00: 22: 53, Swain, false, 0, 0, 0, 2, 0, 1, 0, 0, 0, 0, 3, 0
07 - 04 - 2023, 00: 28: 15, Renekton, false, 0, 0, 0, 2, 0, 0, 0, 0, 0, 0, 6, 0
07 - 04 - 2023, 00: 24: 05, Sylas, true, 0, 0, 0, 1, 0, 5, 0, 0, 0, 0, 9, 0
07 - 04 - 2023, 00: 30: 10, Gragas, true, 0, 0, 0, 2, 0, 0, 0, 0, 0, 0, 17, 0
07 - 04 - 2023, 00: 16: 17, Sylas, true, 0, 1, 0, 1, 0, 3, 0, 0, 0, 0, 1, 0
07 - 04 - 2023, 00: 17: 37, Azir, true, 0, 0, 0, 1, 0, 16, 0, 0, 1, 0, 0, 0
07 - 04 - 2023, 00: 38: 16, Yone, true, 1, 0, 0, 12, 0, 4, 0, 0, 1, 0, 14, 1
06 - 04 - 2023, 00: 22: 21, KSante, false, 0, 0, 0, 6, 0, 0, 0, 0, 0, 0, 3, 0
05 - 04 - 2023, 00: 40: 24, Xayah, false, 0, 0, 0, 11, 0, 0, 0, 0, 0, 0, 22, 0
05 - 04 - 2023, 00: 28: 54, Sion, false, 0, 0, 0, 8, 0, 1, 0, 0, 0, 0, 5, 0
05 - 04 - 2023, 00: 29: 21, KSante, true, 0, 0, 0, 6, 0, 5, 0, 0, 0, 0, 16, 1
05 - 04 - 2023, 00: 21: 56, Sylas, true, 0, 0, 0, 1, 0, 0, 0, 0, 0, 0, 17, 0
05 - 04 - 2023, 00: 24: 38, Azir, true, 0, 0, 0, 3, 0, 1, 0, 0, 0, 0, 6, 0
05 - 04 - 2023, 00: 30: 49, Lissandra, false, 0, 0, 0, 6, 0, 8, 0, 0, 0, 0, 9, 0
04 - 04 - 2023, 00: 35: 44, Annie, true, 0, 0, 0, 11, 0, 1, 2, 0, 0, 0, 24, 1
04 - 04 - 2023, 00: 31: 57, Sylas, false, 0, 0, 0, 8, 0, 7, 0, 0, 0, 0, 23, 0
04 - 04 - 2023, 00: 35: 30, Leblanc, true, 0, 0, 0, 12, 0, 3, 0, 0, 0, 0, 13, 0
04 - 04 - 2023, 00: 28: 16, Galio, true, 0, 0, 0, 11, 0, 6, 0, 0, 0, 0, 17, 0
04 - 04 - 2023, 00: 28: 28, KSante, true, 0, 0, 0, 1, 0, 0, 0, 0, 0, 0, 2, 0
04 - 04 - 2023, 00: 25: 44, Annie, false, 0, 0, 0, 6, 0, 9, 0, 0, 0, 0, 9, 2
04 - 04 - 2023, 00: 19: 07, Lissandra, true, 1, 0, 0, 9, 0, 2, 0, 0, 0, 0, 7, 0
03 - 04 - 2023, 00: 26: 24, KSante, true, 0, 2, 0, 2, 0, 0, 0, 0, 0, 0, 8, 0
03 - 04 - 2023, 00: 28: 33, Leblanc, false, 0, 0, 0, 12, 0, 0, 0, 0, 0, 0, 10, 0
02 - 04 - 2023, 00: 22: 57, Lissandra, true, 0, 0, 0, 13, 0, 0, 0, 0, 0, 0, 9, 0
02 - 04 - 2023, 00: 32: 04, Lissandra, true, 0, 1, 0, 4, 0, 0, 0, 0, 0, 1, 8, 0
02 - 04 - 2023, 00: 29: 14, Renekton, false, 0, 0, 0, 18, 0, 0, 0, 0, 0, 0, 9, 0
02 - 04 - 2023, 00: 24: 48, TwistedFate, true, 0, 0, 0, 4, 0, 0, 0, 0, 0, 0, 5, 0
02 - 04 - 2023, 00: 35: 08, Lissandra, true, 0, 0, 0, 22, 0, 0, 0, 0, 0, 0, 15, 0
01 - 04 - 2023, 00: 31: 09, Ahri, true, 0, 0, 0, 15, 0, 3, 0, 0, 0, 0, 9, 0
01 - 04 - 2023, 00: 25: 33, Viktor, false, 0, 0, 0, 5, 0, 7, 2, 0, 0, 0, 4, 0
01 - 04 - 2023, 00: 33: 58, Sion, false, 0, 0, 0, 3, 0, 0, 0, 0, 0, 0, 11, 0
01 - 04 - 2023, 00: 24: 46, Leblanc, false, 0, 0, 0, 8, 0, 4, 0, 0, 0, 0, 5, 0
01 - 04 - 2023, 00: 23: 04, Kennen, false, 0, 0, 0, 4, 0, 0, 0, 0, 0, 0, 3, 0
01 - 04 - 2023, 00: 24: 28, Ezreal, true, 0, 0, 0, 8, 0, 2, 0, 0, 0, 0, 9, 0
01 - 04 - 2023, 00: 30: 28, Renekton, true, 0, 0, 0, 10, 0, 0, 0, 0, 0, 0, 10, 1
31 - 03 - 2023, 00: 35: 29, Ahri, false, 0, 0, 0, 10, 0, 2, 0, 0, 0, 0, 10, 0
31 - 03 - 2023, 00: 33: 55, Ahri, false, 0, 0, 0, 7, 0, 14, 0, 0, 0, 0, 8, 0
31 - 03 - 2023, 00: 38: 13, Kennen, true, 0, 0, 0, 8, 0, 0, 0, 0, 0, 1, 17, 0
31 - 03 - 2023, 00: 30: 15, Leblanc, false, 0, 0, 0, 7, 0, 2, 0, 0, 0, 0, 6, 0
30 - 03 - 2023, 00: 28: 36, Lissandra, true, 0, 0, 0, 4, 0, 8, 0, 0, 0, 0, 8, 0
30 - 03 - 2023, 00: 13: 45, Ahri, false, 0, 0, 0, 2, 0, 0, 0, 0, 0, 0, 2, 0
30 - 03 - 2023, 00: 26: 32, Ahri, true, 0, 0, 0, 4, 0, 3, 0, 0, 0, 0, 10, 0
30 - 03 - 2023, 00: 31: 52, Ahri, true, 0, 0, 0, 7, 0, 13, 0, 0, 0, 0, 16, 0
30 - 03 - 2023, 00: 26: 25, Sylas, true, 0, 0, 0, 6, 0, 8, 0, 0, 0, 0, 6, 1
29 - 03 - 2023, 00: 31: 39, Veigar, true, 0, 0, 0, 6, 0, 5, 0, 0, 0, 0, 14, 0
29 - 03 - 2023, 00: 26: 05, Renekton, false, 0, 0, 0, 3, 0, 0, 0, 0, 0, 0, 6, 0
29 - 03 - 2023, 00: 27: 14, Leblanc, true, 0, 0, 0, 4, 0, 1, 0, 0, 1, 0, 9, 0
29 - 03 - 2023, 00: 26: 25, Leblanc, false, 0, 1, 0, 4, 0, 12, 0, 0, 0, 0, 9, 0
29 - 03 - 2023, 00: 28: 13, KSante, false, 0, 0, 0, 3, 0, 0, 0, 0, 0, 0, 20, 0
29 - 03 - 2023, 00: 26: 56, KSante, true, 0, 0, 0, 3, 0, 7, 0, 0, 0, 0, 10, 0
29 - 03 - 2023, 00: 34: 49, Gnar, true, 0, 0, 0, 7, 0, 2, 0, 0, 0, 0, 14, 0
28 - 03 - 2023, 00: 35: 28, Lucian, true, 0, 0, 0, 12, 0, 0, 0, 0, 0, 0, 4, 0
28 - 03 - 2023, 00: 24: 14, KSante, true, 0, 0, 0, 3, 0, 1, 0, 0, 0, 0, 8, 0
28 - 03 - 2023, 00: 23: 43, Renekton, false, 0, 0, 0, 7, 0, 1, 0, 0, 0, 0, 3, 0
28 - 03 - 2023, 00: 33: 23, Ahri, false, 0, 0, 0, 6, 0, 8, 0, 0, 0, 0, 36, 0
27 - 03 - 2023, 00: 33: 05, Galio, false, 0, 0, 0, 5, 0, 2, 0, 0, 0, 0, 3, 0
27 - 03 - 2023, 00: 15: 26, Ahri, true, 0, 0, 0, 1, 0, 3, 4, 0, 0, 0, 4, 0
27 - 03 - 2023, 00: 27: 38, KSante, false, 0, 0, 0, 5, 0, 5, 0, 0, 0, 0, 10, 0
27 - 03 - 2023, 00: 34: 27, KSante, false, 0, 0, 0, 10, 0, 1, 0, 0, 0, 0, 20, 0
27 - 03 - 2023, 00: 24: 54, KSante, true, 0, 0, 0, 3, 0, 10, 0, 0, 0, 0, 14, 0
26 - 03 - 2023, 00: 20: 56, Renekton, false, 0, 0, 0, 9, 0, 1, 0, 0, 0, 0, 7, 0
26 - 03 - 2023, 00: 37: 14, Gragas, true, 0, 0, 0, 10, 0, 0, 0, 0, 0, 0, 13, 0
26 - 03 - 2023, 00: 24: 07, Gragas, true, 0, 0, 0, 3, 0, 11, 0, 0, 0, 0, 20, 0
26 - 03 - 2023, 00: 19: 22, Gragas, true, 0, 0, 0, 2, 0, 0, 0, 0, 0, 0, 1, 0
26 - 03 - 2023, 00: 30: 37, Gragas, true, 0, 0, 0, 6, 0, 12, 0, 0, 0, 0, 21, 0
26 - 03 - 2023, 00: 27: 39, Renekton, true, 0, 0, 0, 9, 0, 5, 1, 0, 0, 0, 23, 0
26 - 03 - 2023, 00: 25: 41, Gragas, true, 0, 1, 0, 3, 0, 1, 0, 0, 0, 0, 27, 0
26 - 03 - 2023, 00: 28: 25, KSante, true, 0, 0, 0, 4, 0, 2, 0, 0, 0, 0, 2, 0
26 - 03 - 2023, 00: 22: 41, KSante, true, 0, 0, 0, 2, 0, 1, 0, 0, 0, 0, 1, 0
26 - 03 - 2023, 00: 43: 01, Ahri, false, 0, 0, 0, 15, 0, 7, 0, 0, 0, 0, 20, 1
26 - 03 - 2023, 00: 23: 38, Jax, false, 0, 0, 0, 2, 0, 0, 0, 0, 0, 0, 12, 0
26 - 03 - 2023, 00: 29: 47, Sion, true, 1, 0, 0, 10, 0, 0, 0, 0, 0, 0, 23, 0
25 - 03 - 2023, 00: 29: 36, Ahri, true, 0, 0, 0, 5, 0, 7, 0, 0, 0, 0, 15, 0
25 - 03 - 2023, 00: 27: 36, Jax, true, 0, 0, 0, 0, 0, 1, 0, 0, 0, 0, 1, 0
25 - 03 - 2023, 00: 25: 19, Gragas, true, 0, 0, 0, 4, 0, 1, 0, 0, 0, 0, 0, 0
25 - 03 - 2023, 00: 20: 23, Lissandra, false, 0, 0, 0, 8, 0, 5, 0, 0, 0, 0, 5, 0
24 - 03 - 2023, 00: 24: 34, Sylas, true, 0, 0, 0, 8, 0, 0, 0, 0, 0, 0, 4, 1
24 - 03 - 2023, 00: 24: 10, Ahri, true, 0, 0, 0, 1, 0, 11, 1, 0, 0, 0, 4, 0
24 - 03 - 2023, 00: 24: 30, Gragas, true, 0, 0, 0, 2, 0, 2, 0, 0, 0, 0, 15, 0
24 - 03 - 2023, 00: 23: 34, Talon, true, 0, 0, 0, 5, 0, 10, 0, 0, 0, 0, 7, 0
24 - 03 - 2023, 00: 29: 58, Sion, false, 1, 0, 0, 7, 0, 0, 0, 0, 0, 0, 21, 1
23 - 03 - 2023, 00: 26: 38, Ahri, true, 0, 0, 0, 3, 0, 5, 0, 0, 0, 0, 4, 0
23 - 03 - 2023, 00: 25: 29, Renekton, true, 0, 0, 0, 3, 0, 0, 0, 0, 0, 0, 5, 0
23 - 03 - 2023, 00: 29: 41, Leblanc, false, 1, 0, 0, 9, 0, 1, 0, 0, 0, 0, 22, 0
22 - 03 - 2023, 00: 28: 39, Jayce, true, 0, 0, 0, 4, 0, 0, 0, 0, 0, 0, 8, 0
22 - 03 - 2023, 00: 32: 28, Ahri, true, 0, 0, 0, 9, 0, 15, 0, 0, 0, 0, 24, 0
22 - 03 - 2023, 00: 24: 20, Yone, false, 0, 0, 0, 4, 0, 0, 0, 0, 0, 0, 8, 0
22 - 03 - 2023, 00: 24: 31, Gwen, false, 0, 0, 0, 2, 0, 3, 1, 0, 0, 0, 11, 0
22 - 03 - 2023, 00: 28: 49, Renekton, true, 0, 0, 0, 7, 0, 1, 0, 0, 0, 0, 5, 0
21 - 03 - 2023, 00: 26: 23, Ahri, true, 0, 0, 0, 3, 0, 0, 0, 0, 0, 0, 1, 0
21 - 03 - 2023, 00: 25: 11, Renekton, false, 0, 0, 0, 1, 0, 0, 0, 0, 0, 0, 4, 0
21 - 03 - 2023, 00: 27: 09, Gnar, false, 0, 0, 0, 6, 0, 1, 0, 0, 0, 0, 2, 0
21 - 03 - 2023, 00: 24: 04, Ahri, true, 0, 0, 0, 9, 0, 3, 0, 0, 0, 0, 9, 2
20 - 03 - 2023, 00: 29: 46, Vi, false, 0, 0, 0, 6, 0, 0, 0, 0, 0, 0, 14, 0
20 - 03 - 2023, 00: 21: 37, Gragas, false, 0, 0, 0, 14, 0, 1, 0, 0, 1, 0, 2, 0
20 - 03 - 2023, 00: 23: 10, Renekton, true, 0, 0, 0, 8, 0, 9, 0, 0, 0, 0, 13, 0
20 - 03 - 2023, 00: 33: 05, Ahri, false, 0, 0, 0, 11, 0, 8, 0, 0, 0, 0, 21, 0
20 - 03 - 2023, 00: 32: 38, Kennen, true, 0, 0, 0, 4, 0, 0, 0, 0, 0, 0, 3, 0
20 - 03 - 2023, 00: 26: 30, Jayce, true, 0, 0, 0, 3, 0, 0, 0, 0, 0, 0, 7, 0
20 - 03 - 2023, 00: 20: 27, Leblanc, false, 0, 0, 0, 2, 0, 3, 0, 0, 1, 0, 3, 0
20 - 03 - 2023, 00: 23: 13, Ahri, true, 0, 0, 0, 7, 0, 6, 0, 0, 0, 0, 2, 0
19 - 03 - 2023, 00: 19: 18, Taliyah, false, 0, 0, 0, 1, 0, 0, 0, 0, 0, 0, 4, 0
19 - 03 - 2023, 00: 01: 44, Leblanc, false, 0, 0, 0, 0, 0, 0, 0, 0, 0, 0, 0, 0
19 - 03 - 2023, 00: 24: 41, LeeSin, false, 0, 0, 0, 4, 0, 1, 0, 0, 0, 0, 25, 1
19 - 03 - 2023, 00: 31: 33, Gragas, false, 0, 1, 0, 4, 0, 8, 0, 0, 0, 0, 11, 0
19 - 03 - 2023, 00: 26: 44, Leona, true, 0, 0, 0, 13, 0, 0, 0, 0, 0, 0, 18, 0
19 - 03 - 2023, 00: 16: 55, Renekton, true, 0, 0, 0, 2, 0, 0, 0, 0, 0, 0, 2, 0
19 - 03 - 2023, 00: 19: 45, Gragas, true, 0, 1, 0, 2, 0, 16, 0, 0, 0, 0, 4, 0
19 - 03 - 2023, 00: 29: 35, Gragas, false, 0, 0, 0, 6, 0, 0, 0, 0, 0, 6, 1, 0
18 - 03 - 2023, 00: 21: 49, Gragas, false, 0, 0, 0, 4, 0, 3, 0, 0, 0, 0, 7, 0
18 - 03 - 2023, 00: 23: 17, Gragas, true, 0, 0, 0, 12, 0, 11, 0, 0, 1, 0, 19, 0
18 - 03 - 2023, 00: 29: 54, Gragas, true, 0, 0, 0, 16, 0, 0, 0, 0, 0, 0, 18, 0
18 - 03 - 2023, 00: 27: 06, Gragas, false, 0, 0, 0, 6, 0, 0, 0, 0, 0, 0, 11, 0
18 - 03 - 2023, 00: 21: 32, Gragas, true, 0, 0, 0, 5, 0, 1, 0, 0, 0, 0, 9, 0
18 - 03 - 2023, 00: 21: 18, Gragas, false, 0, 0, 0, 6, 0, 0, 0, 0, 0, 0, 6, 0
18 - 03 - 2023, 00: 27: 37, LeeSin, true, 0, 0, 0, 8, 0, 1, 0, 0, 0, 0, 28, 0
18 - 03 - 2023, 00: 22: 59, KSante, true, 0, 0, 0, 5, 0, 2, 0, 0, 0, 0, 5, 0
17 - 03 - 2023, 00: 15: 55, Gragas, true, 0, 0, 0, 2, 0, 0, 0, 0, 0, 0, 2, 0
17 - 03 - 2023, 00: 23: 11, Gragas, false, 0, 0, 0, 1, 0, 1, 0, 0, 0, 0, 1, 0
17 - 03 - 2023, 00: 31: 56, Vladimir, false, 0, 0, 0, 7, 0, 6, 0, 0, 0, 0, 10, 0
17 - 03 - 2023, 00: 29: 27, Irelia, false, 0, 0, 0, 7, 0, 3, 0, 0, 0, 0, 17, 0
17 - 03 - 2023, 00: 27: 15, Renekton, true, 0, 0, 0, 2, 0, 0, 0, 0, 0, 0, 6, 0
17 - 03 - 2023, 00: 26: 15, Jayce, true, 0, 0, 0, 2, 0, 9, 0, 0, 0, 0, 10, 0
16 - 03 - 2023, 00: 28: 31, Akali, true, 0, 0, 0, 2, 0, 2, 0, 0, 0, 0, 7, 0
16 - 03 - 2023, 00: 19: 15, Veigar, true, 0, 0, 0, 1, 0, 8, 0, 0, 0, 0, 1, 0
16 - 03 - 2023, 00: 20: 20, Jayce, false, 0, 0, 0, 1, 0, 3, 0, 0, 0, 0, 1, 0
16 - 03 - 2023, 00: 25: 04, Jayce, true, 0, 0, 0, 1, 0, 0, 0, 0, 0, 0, 3, 0
16 - 03 - 2023, 00: 31: 04, Jayce, true, 0, 0, 0, 6, 0, 1, 0, 0, 0, 0, 9, 0
16 - 03 - 2023, 00: 26: 40, Jax, true, 0, 0, 0, 2, 0, 0, 0, 0, 0, 0, 11, 0
16 - 03 - 2023, 00: 31: 01, Jax, false, 1, 0, 0, 5, 0, 0, 0, 0, 1, 0, 20, 0
15 - 03 - 2023, 00: 20: 15, Sion, true, 0, 0, 0, 3, 0, 0, 0, 0, 0, 0, 2, 0
15 - 03 - 2023, 00: 29: 03, Gragas, true, 0, 0, 0, 14, 0, 2, 0, 0, 0, 0, 14, 0
15 - 03 - 2023, 00: 29: 55, Jayce, true, 0, 0, 0, 3, 0, 0, 0, 0, 0, 0, 6, 0
15 - 03 - 2023, 00: 23: 48, Leblanc, true, 0, 0, 0, 6, 0, 4, 0, 0, 0, 0, 22, 0
14 - 03 - 2023, 00: 34: 55, Renekton, true, 0, 0, 0, 9, 0, 0, 0, 0, 0, 0, 2, 0
14 - 03 - 2023, 00: 12: 28, Jayce, false, 0, 0, 0, 1, 0, 0, 0, 0, 0, 0, 0, 0
14 - 03 - 2023, 00: 44: 12, Jayce, false, 0, 0, 0, 19, 0, 2, 0, 0, 0, 0, 37, 0
13 - 03 - 2023, 00: 29: 35, Gnar, false, 0, 0, 0, 1, 0, 1, 0, 0, 0, 0, 6, 0
13 - 03 - 2023, 00: 22: 44, Jax, false, 0, 0, 0, 1, 0, 0, 0, 0, 0, 0, 2, 0
13 - 03 - 2023, 00: 28: 58, Gragas, false, 0, 0, 0, 3, 0, 3, 0, 0, 0, 0, 12, 0
12 - 03 - 2023, 00: 26: 04, Gwen, true, 0, 0, 0, 1, 0, 2, 0, 0, 0, 0, 8, 0
12 - 03 - 2023, 00: 23: 40, Jayce, true, 0, 0, 0, 0, 0, 0, 0, 0, 0, 0, 3, 0
12 - 03 - 2023, 00: 29: 18, Alistar, false, 0, 0, 0, 13, 0, 0, 0, 0, 0, 0, 11, 0
12 - 03 - 2023, 00: 26: 04, Jax, false, 0, 0, 0, 1, 0, 0, 1, 0, 0, 0, 2, 0
12 - 03 - 2023, 00: 32: 34, Jax, false, 0, 0, 0, 7, 0, 0, 0, 0, 0, 0, 8, 0
12 - 03 - 2023, 00: 42: 46, Jayce, true, 0, 0, 0, 7, 0, 0, 0, 0, 0, 0, 32, 0
12 - 03 - 2023, 00: 25: 12, Gwen, true, 0, 0, 0, 5, 0, 0, 0, 0, 0, 0, 4, 0
12 - 03 - 2023, 00: 20: 15, Jax, true, 0, 0, 0, 3, 0, 0, 0, 0, 0, 0, 6, 0
12 - 03 - 2023, 00: 33: 05, Jax, true, 0, 0, 0, 7, 0, 0, 0, 0, 1, 0, 18, 0
12 - 03 - 2023, 00: 22: 59, Gwen, false, 0, 0, 0, 2, 0, 0, 0, 0, 0, 0, 4, 0
12 - 03 - 2023, 00: 29: 14, Gwen, true, 0, 0, 0, 7, 0, 0, 0, 0, 0, 0, 12, 0
12 - 03 - 2023, 00: 36: 37, Jax, false, 0, 0, 0, 8, 0, 3, 0, 0, 0, 0, 18, 0
12 - 03 - 2023, 00: 31: 37, Fiora, true, 0, 0, 0, 3, 0, 1, 0, 0, 0, 0, 18, 0
12 - 03 - 2023, 00: 28: 08, Jax, false, 0, 0, 0, 12, 0, 1, 0, 0, 0, 0, 13, 0
11 - 03 - 2023, 00: 27: 26, Jax, true, 1, 1, 0, 6, 0, 0, 0, 0, 0, 0, 11, 0
11 - 03 - 2023, 00: 35: 37, Jax, true, 0, 0, 0, 3, 0, 1, 0, 0, 0, 0, 20, 0
11 - 03 - 2023, 00: 34: 40, Illaoi, false, 0, 0, 0, 3, 0, 0, 0, 0, 0, 0, 8, 0
11 - 03 - 2023, 00: 20: 11, Illaoi, false, 0, 0, 0, 0, 0, 0, 0, 0, 0, 0, 0, 0
11 - 03 - 2023, 00: 24: 37, Illaoi, true, 0, 0, 0, 2, 0, 0, 0, 0, 0, 0, 2, 0
11 - 03 - 2023, 00: 03: 15, Illaoi, false, 0, 0, 0, 0, 0, 0, 0, 0, 0, 0, 0, 0
11 - 03 - 2023, 00: 27: 09, Illaoi, false, 0, 0, 0, 0, 0, 4, 0, 0, 0, 0, 5, 0
10 - 03 - 2023, 00: 18: 13, Illaoi, true, 0, 0, 0, 2, 0, 0, 0, 0, 0, 0, 2, 0
10 - 03 - 2023, 00: 19: 28, KSante, false, 0, 0, 0, 3, 0, 0, 0, 0, 0, 0, 0, 0
10 - 03 - 2023, 00: 31: 55, Camille, false, 0, 0, 0, 4, 0, 0, 0, 0, 0, 0, 20, 0
10 - 03 - 2023, 00: 22: 41, Jax, true, 0, 0, 0, 7, 0, 2, 0, 0, 0, 0, 25, 0
10 - 03 - 2023, 00: 28: 39, Jax, true, 0, 0, 0, 3, 0, 0, 0, 0, 0, 0, 3, 0
10 - 03 - 2023, 00: 25: 25, Gnar, true, 0, 0, 0, 4, 0, 0, 2, 0, 0, 0, 2, 1
10 - 03 - 2023, 00: 28: 32, Illaoi, false, 0, 0, 0, 2, 0, 0, 0, 0, 0, 0, 12, 0
10 - 03 - 2023, 00: 31: 29, Fiora, false, 0, 0, 0, 6, 0, 1, 0, 0, 0, 0, 15, 0
10 - 03 - 2023, 00: 02: 04, Fiora, false, 0, 1, 0, 1, 0, 0, 0, 0, 0, 0, 0, 0
10 - 03 - 2023, 00: 25: 01, Illaoi, false, 0, 0, 0, 0, 0, 0, 0, 0, 0, 0, 1, 0
09 - 03 - 2023, 00: 22: 09, Fiora, true, 0, 0, 0, 3, 0, 1, 0, 0, 0, 0, 5, 0
09 - 03 - 2023, 00: 21: 09, Illaoi, true, 0, 0, 0, 0, 0, 0, 0, 0, 0, 0, 0, 0
09 - 03 - 2023, 00: 28: 12, Fiora, false, 0, 1, 0, 4, 0, 1, 0, 0, 0, 0, 4, 0
09 - 03 - 2023, 00: 03: 06, Aatrox, true, 0, 0, 0, 0, 0, 0, 0, 0, 0, 0, 0, 0
08 - 03 - 2023, 00: 37: 46, Jax, true, 0, 0, 0, 8, 0, 1, 0, 0, 0, 0, 7, 0
08 - 03 - 2023, 00: 36: 05, Fiora, false, 1, 0, 0, 6, 0, 0, 0, 0, 1, 0, 15, 0
08 - 03 - 2023, 00: 29: 11, Jayce, false, 0, 0, 0, 0, 0, 0, 0, 0, 1, 0, 3, 1
08 - 03 - 2023, 00: 25: 41, Gragas, false, 0, 0, 0, 2, 0, 0, 0, 0, 0, 0, 5, 0
08 - 03 - 2023, 00: 29: 11, Gragas, true, 0, 0, 0, 1, 0, 1, 0, 0, 0, 0, 14, 1
07 - 03 - 2023, 00: 39: 00, Jax, true, 0, 0, 0, 20, 0, 3, 0, 0, 0, 0, 37, 0
07 - 03 - 2023, 00: 30: 22, Illaoi, true, 0, 0, 0, 3, 0, 0, 0, 0, 0, 0, 12, 0
07 - 03 - 2023, 00: 10: 00, Fiora, false, 0, 0, 0, 0, 0, 0, 0, 0, 0, 0, 0, 0
07 - 03 - 2023, 00: 34: 21, Akali, false, 0, 1, 0, 12, 0, 5, 0, 0, 0, 0, 17, 0
07 - 03 - 2023, 00: 26: 37, Gragas, true, 0, 0, 0, 4, 0, 4, 0, 0, 0, 0, 8, 0
07 - 03 - 2023, 00: 32: 42, Gragas, false, 0, 0, 0, 2, 0, 1, 0, 0, 0, 0, 10, 0
07 - 03 - 2023, 00: 26: 28, Taliyah, false, 0, 0, 0, 2, 0, 1, 1, 0, 0, 0, 5, 0
07 - 03 - 2023, 00: 28: 01, Akali, true, 0, 0, 0, 5, 0, 3, 0, 0, 0, 0, 1, 0
06 - 03 - 2023, 00: 33: 09, Sion, true, 0, 0, 0, 3, 0, 1, 0, 0, 0, 0, 2, 0
06 - 03 - 2023, 00: 29: 00, Jayce, true, 0, 0, 0, 3, 0, 0, 0, 0, 0, 0, 2, 0
06 - 03 - 2023, 00: 23: 14, Swain, true, 0, 0, 0, 3, 0, 1, 0, 0, 0, 0, 1, 0
06 - 03 - 2023, 00: 27: 01, Irelia, false, 0, 0, 0, 5, 0, 1, 1, 0, 0, 0, 6, 0
05 - 03 - 2023, 00: 19: 12, Zoe, true, 0, 0, 0, 1, 0, 2, 0, 0, 0, 0, 0, 0
05 - 03 - 2023, 00: 20: 19, Akali, true, 0, 0, 0, 7, 0, 2, 0, 0, 0, 0, 0, 0
05 - 03 - 2023, 00: 24: 05, Amumu, true, 0, 0, 0, 1, 0, 1, 0, 0, 0, 0, 14, 0
05 - 03 - 2023, 00: 24: 24, Irelia, true, 0, 0, 0, 3, 0, 7, 0, 0, 0, 0, 4, 0
05 - 03 - 2023, 00: 32: 06, Viktor, false, 0, 0, 0, 6, 0, 1, 0, 0, 0, 0, 15, 0
04 - 03 - 2023, 00: 33: 57, Akali, true, 0, 0, 0, 8, 0, 0, 0, 0, 0, 0, 9, 2
04 - 03 - 2023, 00: 37: 01, Sion, false, 0, 0, 0, 3, 0, 8, 0, 0, 0, 0, 18, 0
04 - 03 - 2023, 00: 25: 24, Irelia, true, 0, 0, 0, 1, 0, 1, 0, 0, 0, 0, 1, 0
04 - 03 - 2023, 00: 33: 35, Annie, false, 0, 0, 0, 8, 0, 1, 0, 0, 0, 0, 11, 0
04 - 03 - 2023, 00: 23: 49, Jayce, true, 0, 0, 0, 6, 0, 2, 0, 0, 0, 0, 4, 0
04 - 03 - 2023, 00: 40: 40, Viktor, true, 0, 0, 0, 6, 0, 0, 0, 0, 0, 0, 15, 0
04 - 03 - 2023, 00: 20: 10, TwistedFate, true, 0, 0, 0, 1, 0, 0, 0, 0, 0, 0, 1, 0
04 - 03 - 2023, 00: 33: 34, Anivia, true, 0, 0, 0, 5, 0, 10, 0, 0, 1, 0, 13, 0
04 - 03 - 2023, 00: 30: 29, Yone, false, 0, 0, 0, 4, 0, 0, 0, 0, 0, 0, 1, 0
04 - 03 - 2023, 00: 23: 08, Viktor, true, 0, 0, 0, 4, 0, 2, 0, 0, 0, 0, 2, 0
04 - 03 - 2023, 00: 31: 56, Jayce, true, 0, 0, 0, 1, 0, 1, 0, 0, 0, 0, 4, 0
03 - 03 - 2023, 00: 22: 35, Sylas, true, 0, 0, 0, 6, 0, 1, 0, 0, 0, 0, 6, 0
03 - 03 - 2023, 00: 23: 55, TwistedFate, true, 0, 0, 0, 2, 0, 2, 0, 0, 0, 0, 4, 0
03 - 03 - 2023, 00: 27: 17, Jayce, false, 0, 0, 0, 5, 0, 4, 0, 0, 0, 0, 9, 0
03 - 03 - 2023, 00: 29: 11, Gragas, false, 0, 0, 0, 10, 0, 0, 0, 0, 1, 0, 20, 0
03 - 03 - 2023, 00: 22: 10, Taliyah, true, 0, 0, 0, 6, 0, 2, 0, 0, 0, 0, 7, 0
02 - 03 - 2023, 00: 36: 29, Akali, false, 0, 0, 0, 1, 0, 5, 0, 0, 0, 0, 31, 0
02 - 03 - 2023, 00: 37: 47, Sion, false, 0, 0, 0, 6, 0, 1, 0, 0, 0, 0, 24, 0
02 - 03 - 2023, 00: 33: 11, Illaoi, true, 1, 0, 0, 10, 0, 1, 0, 0, 0, 0, 34, 0
02 - 03 - 2023, 00: 26: 21, Zoe, false, 0, 0, 0, 7, 0, 4, 0, 0, 0, 0, 8, 0
01 - 03 - 2023, 00: 39: 48, Gragas, false, 1, 1, 0, 4, 0, 0, 0, 0, 0, 0, 27, 0
01 - 03 - 2023, 00: 32: 30, Xayah, false, 0, 0, 0, 10, 0, 5, 0, 0, 0, 0, 17, 0
01 - 03 - 2023, 00: 32: 04, TwistedFate, false, 0, 0, 0, 2, 0, 4, 0, 0, 0, 0, 8, 0
01 - 03 - 2023, 00: 02: 43, TwistedFate, true, 0, 0, 0, 1, 0, 0, 0, 0, 0, 0, 3, 0
01 - 03 - 2023, 00: 29: 30, Jayce, true, 0, 0, 0, 7, 0, 1, 0, 0, 0, 0, 13, 0
01 - 03 - 2023, 00: 34: 08, Taliyah, true, 0, 0, 0, 8, 0, 1, 0, 0, 0, 0, 37, 0
01 - 03 - 2023, 00: 22: 50, Gragas, false, 0, 0, 0, 3, 0, 2, 0, 0, 0, 0, 2, 0
01 - 03 - 2023, 00: 31: 39, Quinn, true, 0, 0, 0, 2, 0, 1, 0, 0, 0, 0, 0, 0
28 - 02 - 2023, 00: 23: 23, AurelionSol, false, 0, 0, 0, 5, 0, 7, 0, 0, 0, 0, 1, 0
28 - 02 - 2023, 00: 23: 19, Gragas, true, 0, 0, 0, 5, 0, 0, 0, 0, 0, 0, 9, 0
28 - 02 - 2023, 00: 25: 04, Xayah, false, 0, 0, 0, 6, 0, 2, 0, 0, 0, 0, 11, 0
28 - 02 - 2023, 00: 01: 50, Akali, false, 0, 0, 0, 0, 0, 0, 0, 0, 0, 0, 0, 0
27 - 02 - 2023, 00: 31: 59, Syndra, true, 0, 0, 0, 10, 0, 2, 0, 0, 0, 0, 15, 0
27 - 02 - 2023, 00: 16: 49, Varus, true, 0, 0, 0, 4, 0, 0, 0, 0, 0, 0, 2, 0
27 - 02 - 2023, 00: 35: 12, AurelionSol, true, 0, 0, 0, 5, 0, 1, 0, 0, 0, 0, 20, 0
27 - 02 - 2023, 00: 01: 53, Gragas, true, 0, 0, 0, 0, 0, 0, 0, 0, 0, 0, 0, 0
27 - 02 - 2023, 00: 28: 59, Gragas, true, 0, 0, 0, 15, 0, 1, 0, 0, 0, 0, 5, 0
27 - 02 - 2023, 00: 26: 19, Akali, true, 0, 0, 0, 6, 0, 1, 0, 0, 0, 0, 8, 0
27 - 02 - 2023, 00: 37: 09, Azir, true, 0, 0, 0, 7, 0, 0, 0, 0, 0, 0, 14, 1
27 - 02 - 2023, 00: 28: 06, Irelia, true, 0, 0, 0, 12, 0, 0, 0, 0, 0, 0, 3, 0
26 - 02 - 2023, 00: 16: 24, Jayce, true, 0, 0, 0, 3, 0, 1, 0, 0, 0, 0, 3, 0
26 - 02 - 2023, 00: 26: 16, Viktor, false, 0, 0, 0, 6, 0, 3, 0, 0, 0, 0, 2, 0
26 - 02 - 2023, 00: 23: 39, Yone, false, 0, 0, 0, 4, 0, 2, 0, 0, 0, 0, 5, 0
26 - 02 - 2023, 00: 22: 46, AurelionSol, false, 0, 0, 0, 2, 0, 0, 0, 0, 0, 0, 4, 0
26 - 02 - 2023, 00: 25: 26, Akali, true, 0, 0, 0, 9, 0, 6, 0, 0, 0, 0, 7, 0
26 - 02 - 2023, 00: 26: 04, AurelionSol, true, 0, 0, 0, 6, 0, 7, 0, 0, 0, 0, 8, 0
26 - 02 - 2023, 00: 31: 40, Renekton, false, 0, 0, 0, 10, 0, 1, 0, 0, 0, 0, 6, 0
26 - 02 - 2023, 00: 32: 50, Syndra, false, 0, 0, 0, 10, 0, 2, 0, 0, 0, 0, 9, 1
26 - 02 - 2023, 00: 27: 29, Illaoi, false, 0, 0, 0, 2, 0, 2, 0, 0, 0, 0, 4, 0
26 - 02 - 2023, 00: 19: 14, Camille, false, 0, 0, 0, 0, 0, 0, 0, 0, 0, 0, 1, 0
25 - 02 - 2023, 00: 35: 56, AurelionSol, true, 0, 0, 0, 5, 0, 4, 0, 0, 0, 0, 25, 1
25 - 02 - 2023, 00: 32: 11, Jayce, false, 0, 1, 0, 7, 0, 0, 0, 0, 0, 0, 5, 0
25 - 02 - 2023, 00: 36: 08, Irelia, false, 0, 0, 0, 12, 0, 0, 0, 0, 0, 0, 7, 0
25 - 02 - 2023, 00: 36: 39, Jayce, false, 0, 0, 0, 3, 0, 0, 0, 0, 0, 0, 6, 1
25 - 02 - 2023, 00: 23: 57, Akali, false, 0, 0, 0, 5, 0, 2, 0, 0, 0, 0, 5, 1
25 - 02 - 2023, 00: 27: 32, Jayce, true, 0, 0, 0, 10, 0, 1, 0, 0, 0, 0, 8, 0
25 - 02 - 2023, 00: 36: 16, Sion, false, 0, 0, 0, 4, 0, 0, 0, 0, 0, 0, 10, 0
25 - 02 - 2023, 00: 24: 09, Illaoi, false, 1, 0, 0, 2, 0, 1, 0, 0, 0, 0, 5, 0
25 - 02 - 2023, 00: 24: 38, AurelionSol, false, 0, 0, 0, 7, 0, 0, 0, 0, 0, 0, 4, 0
25 - 02 - 2023, 00: 25: 02, Jayce, true, 0, 0, 0, 10, 0, 0, 0, 0, 0, 0, 4, 0
24 - 02 - 2023, 00: 26: 06, Akali, true, 0, 0, 0, 8, 0, 3, 0, 0, 0, 0, 6, 0
24 - 02 - 2023, 00: 27: 38, Galio, true, 0, 0, 0, 8, 0, 0, 0, 0, 0, 0, 6, 0
24 - 02 - 2023, 00: 23: 08, Viktor, true, 0, 1, 0, 7, 0, 0, 0, 0, 0, 0, 3, 0
24 - 02 - 2023, 00: 26: 34, Vex, true, 0, 0, 0, 4, 0, 0, 1, 0, 0, 0, 7, 0
23 - 02 - 2023, 00: 29: 30, Gragas, true, 0, 0, 0, 11, 0, 0, 0, 0, 0, 0, 2, 0
23 - 02 - 2023, 00: 18: 19, Vex, true, 0, 0, 0, 2, 0, 5, 0, 0, 0, 0, 6, 0
23 - 02 - 2023, 00: 19: 41, Camille, true, 0, 0, 0, 3, 0, 2, 0, 0, 0, 0, 1, 0
23 - 02 - 2023, 00: 36: 16, Gwen, false, 0, 0, 0, 4, 0, 3, 0, 0, 0, 0, 11, 0
23 - 02 - 2023, 00: 29: 05, Jayce, true, 0, 0, 0, 11, 0, 1, 0, 1, 0, 0, 4, 0
23 - 02 - 2023, 00: 28: 03, Ahri, false, 0, 0, 0, 5, 0, 9, 1, 0, 0, 0, 7, 0
22 - 02 - 2023, 00: 37: 40, Jax, true, 0, 0, 0, 2, 0, 8, 4, 0, 0, 0, 2, 0
22 - 02 - 2023, 00: 19: 27, Ashe, false, 0, 0, 0, 6, 0, 1, 1, 0, 0, 0, 12, 0
21 - 02 - 2023, 00: 14: 09, Sylas, false, 0, 0, 0, 0, 0, 0, 1, 0, 0, 0, 2, 0
21 - 02 - 2023, 00: 23: 59, Gangplank, false, 0, 0, 0, 4, 0, 1, 2, 0, 0, 0, 10, 0
21 - 02 - 2023, 00: 40: 41, Annie, true, 0, 0, 0, 8, 0, 4, 1, 0, 0, 0, 13, 0
21 - 02 - 2023, 00: 19: 05, Varus, false, 0, 0, 0, 7, 0, 3, 0, 0, 0, 1, 0, 0
21 - 02 - 2023, 00: 35: 32, Ezreal, false, 0, 0, 0, 6, 0, 1, 0, 0, 0, 0, 2, 0
21 - 02 - 2023, 00: 21: 51, Sivir, false, 0, 1, 0, 6, 0, 3, 0, 0, 0, 2, 4, 0
21 - 02 - 2023, 00: 26: 32, Annie, true, 0, 0, 0, 11, 0, 13, 0, 0, 0, 0, 7, 0
21 - 02 - 2023, 00: 25: 28, Jayce, true, 0, 0, 0, 2, 0, 0, 0, 0, 0, 0, 10, 0
21 - 02 - 2023, 00: 28: 04, Kaisa, false, 0, 0, 0, 8, 0, 2, 0, 0, 1, 2, 17, 1
20 - 02 - 2023, 00: 22: 36, Ezreal, false, 0, 0, 0, 6, 0, 1, 0, 0, 0, 0, 3, 0
19 - 02 - 2023, 00: 32: 31, Viktor, false, 0, 1, 0, 14, 0, 7, 1, 0, 0, 0, 18, 0
19 - 02 - 2023, 00: 30: 39, Irelia, false, 0, 0, 0, 3, 0, 1, 0, 0, 0, 0, 12, 0
19 - 02 - 2023, 00: 20: 27, Sion, false, 0, 0, 0, 9, 0, 0, 0, 0, 0, 0, 7, 0
19 - 02 - 2023, 00: 39: 10, Sion, false, 0, 0, 0, 5, 0, 7, 0, 0, 0, 0, 14, 0
19 - 02 - 2023, 00: 26: 30, Sion, true, 0, 0, 0, 0, 0, 0, 0, 0, 0, 0, 4, 0
19 - 02 - 2023, 00: 24: 23, Maokai, false, 0, 0, 0, 3, 0, 1, 0, 0, 0, 0, 5, 0
18 - 02 - 2023, 00: 33: 03, Camille, false, 0, 0, 0, 2, 0, 0, 0, 0, 0, 0, 16, 0
18 - 02 - 2023, 00: 22: 00, Xayah, false, 0, 0, 0, 5, 0, 0, 0, 0, 0, 0, 2, 1
18 - 02 - 2023, 00: 20: 49, Irelia, true, 0, 0, 0, 1, 0, 2, 0, 0, 0, 0, 5, 0
18 - 02 - 2023, 00: 34: 05, Viktor, false, 0, 0, 0, 5, 0, 3, 0, 0, 0, 0, 6, 0
18 - 02 - 2023, 00: 24: 51, Jayce, true, 0, 0, 0, 1, 0, 2, 0, 0, 0, 0, 1, 0
18 - 02 - 2023, 00: 36: 14, Sylas, false, 0, 0, 0, 1, 0, 0, 0, 0, 0, 0, 8, 0
18 - 02 - 2023, 00: 27: 13, Irelia, true, 1, 0, 0, 3, 0, 1, 0, 0, 0, 0, 13, 0
18 - 02 - 2023, 00: 29: 03, Quinn, true, 0, 0, 0, 0, 0, 3, 0, 0, 0, 0, 1, 0
18 - 02 - 2023, 00: 36: 34, Illaoi, true, 0, 0, 0, 1, 0, 4, 0, 0, 0, 0, 1, 0
18 - 02 - 2023, 00: 22: 28, Sivir, false, 0, 0, 0, 3, 0, 0, 0, 0, 0, 0, 2, 0
18 - 02 - 2023, 00: 15: 49, Zeri, false, 0, 0, 0, 2, 0, 6, 0, 0, 0, 0, 0, 0
18 - 02 - 2023, 00: 26: 00, Sylas, false, 0, 0, 0, 9, 0, 2, 0, 0, 1, 0, 32, 0
17 - 02 - 2023, 00: 28: 09, Annie, false, 0, 0, 0, 0, 0, 1, 0, 0, 0, 0, 0, 0
17 - 02 - 2023, 00: 22: 53, Varus, false, 0, 0, 0, 9, 0, 0, 0, 0, 0, 0, 3, 1
17 - 02 - 2023, 00: 35: 42, Xayah, false, 0, 0, 0, 17, 0, 3, 0, 0, 0, 0, 33, 0
17 - 02 - 2023, 00: 28: 10, Sivir, false, 0, 0, 0, 0, 0, 1, 0, 0, 0, 0, 0, 0
17 - 02 - 2023, 00: 28: 28, Zeri, false, 0, 0, 0, 6, 0, 0, 0, 0, 0, 0, 2, 0
17 - 02 - 2023, 00: 29: 30, Zeri, true, 0, 0, 0, 13, 0, 0, 0, 0, 0, 0, 8, 0
16 - 02 - 2023, 00: 36: 07, Varus, false, 0, 0, 0, 4, 0, 8, 0, 0, 0, 0, 2, 0
16 - 02 - 2023, 00: 28: 14, Xayah, false, 0, 0, 0, 3, 0, 1, 0, 0, 0, 0, 4, 1
15 - 02 - 2023, 00: 37: 41, Varus, true, 0, 0, 0, 10, 0, 2, 1, 0, 0, 1, 29, 1
15 - 02 - 2023, 00: 32: 42, Xayah, true, 0, 0, 0, 0, 0, 1, 1, 0, 0, 0, 9, 0
15 - 02 - 2023, 00: 24: 45, Varus, true, 0, 0, 0, 1, 0, 2, 0, 0, 1, 0, 9, 0
15 - 02 - 2023, 00: 36: 18, Jayce, true, 0, 0, 0, 8, 0, 2, 0, 0, 0, 0, 7, 0
15 - 02 - 2023, 00: 32: 11, Quinn, true, 0, 0, 0, 0, 0, 1, 0, 0, 0, 0, 8, 0
14 - 02 - 2023, 00: 29: 41, Varus, true, 0, 0, 0, 2, 0, 0, 1, 0, 0, 0, 13, 0
14 - 02 - 2023, 00: 23: 48, Jhin, true, 0, 0, 0, 2, 0, 2, 4, 0, 0, 0, 9, 0
14 - 02 - 2023, 00: 46: 11, Irelia, false, 1, 1, 0, 9, 0, 4, 2, 0, 0, 0, 28, 1
14 - 02 - 2023, 00: 29: 51, Sylas, true, 0, 0, 0, 5, 0, 4, 0, 0, 0, 0, 7, 0
14 - 02 - 2023, 00: 28: 57, Varus, false, 0, 0, 0, 6, 0, 0, 4, 0, 0, 0, 24, 0
14 - 02 - 2023, 00: 20: 42, Akali, false, 0, 0, 0, 1, 0, 7, 0, 0, 0, 0, 11, 0
14 - 02 - 2023, 00: 34: 18, Irelia, true, 0, 0, 0, 4, 0, 2, 0, 0, 0, 0, 29, 0
14 - 02 - 2023, 00: 20: 31, Maokai, true, 0, 0, 0, 1, 0, 1, 0, 0, 0, 0, 16, 0
13 - 02 - 2023, 00: 21: 07, Akali, false, 0, 0, 0, 1, 0, 1, 1, 0, 0, 0, 5, 0
13 - 02 - 2023, 00: 29: 56, Akali, false, 0, 0, 0, 2, 0, 2, 0, 0, 0, 0, 16, 4
13 - 02 - 2023, 00: 26: 07, Xayah, true, 0, 0, 0, 0, 0, 2, 1, 0, 0, 0, 16, 0
13 - 02 - 2023, 00: 26: 02, Varus, true, 1, 0, 0, 2, 0, 0, 0, 0, 0, 0, 13, 0
13 - 02 - 2023, 00: 26: 07, Varus, false, 0, 0, 0, 6, 0, 0, 1, 0, 0, 3, 7, 1
13 - 02 - 2023, 00: 29: 39, Jayce, false, 0, 0, 0, 1, 0, 5, 0, 0, 0, 0, 8, 0
13 - 02 - 2023, 00: 39: 27, Zeri, false, 0, 0, 0, 9, 0, 0, 0, 0, 0, 0, 23, 0
13 - 02 - 2023, 00: 15: 24, Akali, true, 0, 0, 0, 0, 0, 7, 3, 0, 0, 0, 3, 1
13 - 02 - 2023, 00: 24: 38, Lissandra, false, 0, 0, 0, 3, 0, 1, 1, 0, 0, 0, 17, 0
13 - 02 - 2023, 00: 25: 40, Jayce, true, 0, 0, 0, 0, 0, 0, 3, 0, 0, 0, 10, 0
12 - 02 - 2023, 00: 23: 55, Azir, true, 0, 0, 0, 0, 0, 2, 1, 0, 0, 0, 2, 0
12 - 02 - 2023, 00: 25: 57, Akali, true, 0, 0, 0, 1, 0, 4, 1, 0, 0, 0, 8, 0
12 - 02 - 2023, 00: 25: 01, Jax, false, 0, 0, 0, 2, 0, 1, 0, 0, 0, 0, 12, 0
12 - 02 - 2023, 00: 25: 07, Tristana, true, 0, 0, 0, 2, 0, 0, 2, 0, 0, 0, 9, 0
12 - 02 - 2023, 00: 29: 55, Anivia, true, 0, 1, 0, 3, 0, 14, 1, 0, 0, 0, 13, 0
12 - 02 - 2023, 00: 31: 53, Rakan, false, 0, 0, 0, 1, 0, 0, 0, 0, 0, 0, 12, 0
12 - 02 - 2023, 00: 31: 51, Akali, true, 0, 1, 0, 5, 0, 2, 3, 0, 0, 0, 20, 0
11 - 02 - 2023, 00: 26: 18, AurelionSol, false, 0, 0, 0, 3, 0, 0, 0, 0, 0, 0, 14, 0
11 - 02 - 2023, 00: 37: 10, Akali, false, 0, 1, 0, 4, 0, 8, 0, 0, 0, 0, 28, 0
11 - 02 - 2023, 00: 33: 30, Sivir, true, 0, 0, 0, 3, 0, 1, 0, 0, 0, 0, 8, 1
10 - 02 - 2023, 00: 38: 10, AurelionSol, false, 1, 0, 0, 5, 0, 8, 5, 0, 0, 0, 16, 0
10 - 02 - 2023, 00: 30: 38, Akali, false, 0, 0, 0, 1, 0, 4, 3, 0, 0, 0, 26, 0
10 - 02 - 2023, 00: 23: 36, Akali, false, 0, 0, 0, 0, 0, 11, 0, 0, 0, 0, 11, 1
10 - 02 - 2023, 00: 24: 39, Zeri, true, 0, 0, 0, 3, 0, 3, 0, 0, 0, 0, 6, 0
10 - 02 - 2023, 00: 23: 06, Nunu, false, 0, 0, 0, 1, 0, 0, 0, 0, 0, 0, 1, 0
10 - 02 - 2023, 00: 23: 32, AurelionSol, false, 1, 0, 0, 1, 0, 1, 0, 0, 0, 0, 9, 0
08 - 02 - 2023, 00: 34: 35, Tristana, false, 0, 0, 0, 4, 0, 8, 0, 0, 0, 0, 18, 0
08 - 02 - 2023, 00: 01: 48, Akali, true, 0, 0, 0, 0, 0, 0, 0, 0, 0, 0, 0, 0
05 - 02 - 2023, 00: 30: 29, Yone, false, 0, 0, 0, 6, 0, 9, 4, 0, 0, 0, 29, 0
05 - 02 - 2023, 00: 34: 44, Ashe, false, 2, 0, 0, 1, 0, 0, 5, 0, 0, 0, 25, 0
05 - 02 - 2023, 00: 33: 36, Ashe, true, 1, 0, 0, 9, 0, 3, 1, 0, 0, 0, 32, 0
05 - 02 - 2023, 00: 41: 24, Karma, true, 0, 0, 0, 2, 0, 1, 1, 0, 0, 0, 38, 0
05 - 02 - 2023, 00: 27: 21, Ashe, true, 0, 0, 0, 3, 0, 2, 1, 0, 0, 0, 39, 1
05 - 02 - 2023, 00: 04: 59, Ashe, false, 0, 0, 0, 0, 0, 1, 0, 0, 0, 0, 1, 0
05 - 02 - 2023, 00: 21: 22, Sylas, false, 0, 0, 0, 0, 0, 3, 1, 0, 0, 0, 7, 0
05 - 02 - 2023, 00: 20: 26, Amumu, true, 0, 0, 0, 4, 0, 1, 0, 0, 0, 0, 9, 0
04 - 02 - 2023, 00: 28: 54, Illaoi, true, 0, 0, 0, 0, 0, 0, 0, 0, 0, 0, 1, 0
04 - 02 - 2023, 00: 26: 05, Illaoi, false, 0, 0, 0, 0, 0, 2, 1, 0, 0, 0, 7, 0
04 - 02 - 2023, 00: 02: 33, Taliyah, true, 0, 0, 0, 0, 0, 0, 0, 0, 0, 0, 0, 0
04 - 02 - 2023, 00: 36: 12, Zoe, false, 1, 0, 0, 3, 0, 12, 2, 0, 0, 0, 47, 0
04 - 02 - 2023, 00: 23: 38, Ezreal, false, 0, 0, 0, 0, 0, 3, 1, 0, 3, 0, 3, 0
04 - 02 - 2023, 00: 16: 36, Akali, true, 0, 0, 0, 1, 0, 4, 2, 0, 0, 0, 3, 0
04 - 02 - 2023, 00: 25: 43, Zac, false, 0, 0, 0, 2, 0, 2, 1, 0, 0, 0, 14, 0
04 - 02 - 2023, 00: 31: 27, Yone, false, 0, 0, 0, 6, 0, 21, 1, 0, 0, 1, 13, 0
04 - 02 - 2023, 00: 20: 45, Yone, true, 0, 0, 0, 0, 0, 0, 1, 0, 0, 0, 10, 1
03 - 02 - 2023, 00: 18: 13, Sylas, false, 0, 0, 0, 0, 0, 1, 3, 0, 0, 0, 7, 0
03 - 02 - 2023, 00: 26: 24, Yone, false, 0, 0, 0, 1, 0, 2, 0, 0, 0, 0, 12, 0
03 - 02 - 2023, 00: 23: 26, Taliyah, false, 0, 0, 0, 0, 0, 3, 1, 0, 0, 0, 7, 0
03 - 02 - 2023, 00: 34: 55, Varus, false, 0, 0, 0, 5, 0, 3, 4, 0, 0, 0, 23, 0
03 - 02 - 2023, 00: 26: 07, Yone, true, 0, 0, 0, 0, 0, 5, 1, 0, 0, 0, 5, 0
03 - 02 - 2023, 00: 28: 55, Yone, true, 0, 0, 0, 1, 0, 8, 3, 0, 0, 0, 10, 0
02 - 02 - 2023, 00: 22: 03, Gragas, true, 0, 0, 0, 1, 0, 0, 3, 0, 0, 0, 6, 0
02 - 02 - 2023, 00: 27: 15, Yone, true, 0, 0, 0, 2, 0, 0, 2, 0, 0, 0, 8, 1
02 - 02 - 2023, 00: 25: 14, Galio, true, 1, 0, 0, 6, 0, 1, 1, 0, 0, 0, 21, 0
02 - 02 - 2023, 00: 20: 04, Yone, true, 0, 0, 0, 1, 0, 4, 2, 0, 0, 0, 2, 0
02 - 02 - 2023, 00: 30: 22, Rumble, false, 0, 0, 0, 2, 0, 9, 1, 0, 0, 0, 19, 0
02 - 02 - 2023, 00: 31: 23, Yone, true, 0, 0, 0, 4, 0, 11, 2, 0, 0, 0, 13, 1
02 - 02 - 2023, 00: 26: 02, Yone, true, 0, 0, 0, 0, 0, 5, 0, 0, 0, 0, 20, 0
02 - 02 - 2023, 00: 24: 54, Rumble, true, 0, 0, 0, 1, 0, 6, 4, 0, 0, 0, 14, 0
01 - 02 - 2023, 00: 27: 53, Taliyah, false, 0, 0, 0, 1, 0, 3, 0, 0, 0, 3, 4, 0
01 - 02 - 2023, 00: 23: 11, Zoe, false, 0, 0, 0, 2, 0, 13, 3, 0, 0, 0, 11, 0
01 - 02 - 2023, 00: 26: 23, Yone, false, 0, 2, 0, 2, 0, 7, 0, 0, 0, 0, 9, 1
01 - 02 - 2023, 00: 27: 27, Zoe, true, 0, 0, 0, 4, 0, 7, 2, 0, 0, 0, 17, 0
01 - 02 - 2023, 00: 26: 08, Zoe, false, 0, 0, 0, 4, 0, 12, 0, 0, 0, 0, 10, 0
01 - 02 - 2023, 00: 30: 34, Varus, true, 0, 0, 0, 3, 0, 2, 2, 0, 0, 0, 24, 0
01 - 02 - 2023, 00: 19: 47, Jhin, false, 0, 0, 0, 2, 0, 3, 9, 0, 0, 0, 5, 0
31 - 01 - 2023, 00: 27: 28, Zac, true, 0, 0, 0, 6, 0, 6, 0, 0, 0, 0, 15, 0
31 - 01 - 2023, 00: 42: 04, Yone, true, 0, 0, 0, 2, 0, 14, 0, 0, 0, 0, 53, 2
31 - 01 - 2023, 00: 27: 12, Yone, true, 0, 0, 0, 3, 0, 0, 5, 0, 0, 0, 14, 0
31 - 01 - 2023, 00: 27: 55, Yone, false, 0, 0, 0, 6, 0, 0, 0, 0, 0, 1, 17, 0
31 - 01 - 2023, 00: 23: 21, Zac, true, 0, 0, 0, 0, 0, 5, 2, 0, 0, 0, 12, 0
31 - 01 - 2023, 00: 34: 09, Irelia, true, 0, 0, 0, 0, 0, 8, 0, 0, 0, 1, 24, 0
30 - 01 - 2023, 00: 25: 22, Swain, false, 0, 0, 0, 2, 0, 1, 2, 0, 0, 0, 13, 0
30 - 01 - 2023, 00: 29: 44, Zoe, false, 0, 1, 0, 3, 0, 6, 0, 0, 0, 0, 13, 0
30 - 01 - 2023, 00: 19: 12, Varus, true, 0, 1, 0, 7, 0, 1, 2, 0, 0, 0, 19, 0
30 - 01 - 2023, 00: 27: 23, Zoe, false, 0, 0, 0, 0, 0, 7, 0, 0, 0, 0, 13, 0
29 - 01 - 2023, 00: 33: 44, Zac, true, 0, 0, 0, 8, 0, 10, 3, 0, 0, 0, 36, 0
29 - 01 - 2023, 00: 38: 16, Zoe, true, 0, 0, 0, 5, 0, 11, 1, 0, 0, 0, 30, 0
29 - 01 - 2023, 00: 24: 09, Zoe, true, 0, 1, 0, 1, 0, 14, 0, 0, 0, 0, 10, 0
29 - 01 - 2023, 00: 21: 15, Xayah, true, 0, 0, 0, 0, 0, 0, 2, 0, 0, 0, 8, 0
29 - 01 - 2023, 00: 22: 01, Sivir, false, 0, 0, 0, 0, 0, 0, 2, 0, 0, 0, 4, 0
29 - 01 - 2023, 00: 34: 29, Illaoi, false, 0, 0, 0, 2, 0, 4, 1, 0, 0, 0, 15, 0
29 - 01 - 2023, 00: 26: 40, Zoe, true, 0, 0, 0, 0, 0, 13, 0, 0, 0, 0, 15, 1
28 - 01 - 2023, 00: 26: 34, Yone, false, 0, 0, 0, 4, 0, 3, 1, 0, 0, 0, 14, 0